prompt_version,pipeline,model,format,task,correct,total,accuracy_pct,field_accuracy_pct,relaxed_accuracy_pct
original,VLM,InternVL3.5-14B,html,table_partition,222,629,35.3,66.6,68.0
original,VLM,InternVL3.5-14B,html,table_first_cell,546,629,86.8,86.8,86.8
original,VLM,InternVL3.5-14B,html,table_last_cell,430,629,68.4,68.4,68.4
original,VLM,InternVL3.5-14B,html,size_detection,140,629,22.3,46.7,48.9
original,VLM,InternVL3.5-14B,html,number_of_rows,348,629,55.3,55.3,55.3
original,VLM,InternVL3.5-14B,html,number_of_columns,565,629,89.8,89.8,89.8
original,VLM,InternVL3.5-14B,html,cell_lookup,98,629,15.6,45.2,45.7
original,VLM,InternVL3.5-14B,html,reverse_lookup,100,629,15.9,15.7,15.7
original,VLM,InternVL3.5-14B,html,column_retrieval,532,629,84.6,84.6,84.6
original,VLM,InternVL3.5-14B,html,row_retrieval,26,629,4.1,16.2,19.7
original,VLM,InternVL3.5-14B,html,OVERALL,3007,6290,47.8,57.5,58.3
original,VLM,InternVL3.5-14B,markdown,table_partition,199,629,31.6,62.9,64.4
original,VLM,InternVL3.5-14B,markdown,table_first_cell,522,629,83.0,83.0,83.1
original,VLM,InternVL3.5-14B,markdown,table_last_cell,411,629,65.3,65.3,65.5
original,VLM,InternVL3.5-14B,markdown,size_detection,203,629,32.3,60.9,61.8
original,VLM,InternVL3.5-14B,markdown,number_of_rows,321,629,51.0,51.0,51.0
original,VLM,InternVL3.5-14B,markdown,number_of_columns,545,629,86.6,86.6,86.6
original,VLM,InternVL3.5-14B,markdown,cell_lookup,128,629,20.3,51.7,51.9
original,VLM,InternVL3.5-14B,markdown,reverse_lookup,148,629,23.5,23.5,23.7
original,VLM,InternVL3.5-14B,markdown,column_retrieval,559,629,88.9,88.9,88.9
original,VLM,InternVL3.5-14B,markdown,row_retrieval,34,629,5.4,17.7,20.9
original,VLM,InternVL3.5-14B,markdown,OVERALL,3070,6290,48.8,59.2,59.8
original,VLM,InternVL3.5-14B,latex,table_partition,239,629,38.0,67.9,69.3
original,VLM,InternVL3.5-14B,latex,table_first_cell,557,629,88.6,88.6,88.6
original,VLM,InternVL3.5-14B,latex,table_last_cell,452,629,71.9,71.9,71.9
original,VLM,InternVL3.5-14B,latex,size_detection,103,629,16.4,52.0,53.3
original,VLM,InternVL3.5-14B,latex,number_of_rows,180,629,28.6,28.6,28.6
original,VLM,InternVL3.5-14B,latex,number_of_columns,523,629,83.1,83.1,83.1
original,VLM,InternVL3.5-14B,latex,cell_lookup,119,629,18.9,48.6,48.8
original,VLM,InternVL3.5-14B,latex,reverse_lookup,143,629,22.7,22.7,23.1
original,VLM,InternVL3.5-14B,latex,column_retrieval,567,629,90.1,90.0,90.1
original,VLM,InternVL3.5-14B,latex,row_retrieval,40,629,6.4,17.3,21.2
original,VLM,InternVL3.5-14B,latex,OVERALL,2923,6290,46.5,57.1,57.8
original,VLM,InternVL3.5-30B-A3B,html,table_partition,0,629,0.0,53.8,58.3
original,VLM,InternVL3.5-30B-A3B,html,table_first_cell,559,629,88.9,88.9,88.9
original,VLM,InternVL3.5-30B-A3B,html,table_last_cell,497,629,79.0,79.0,79.0
original,VLM,InternVL3.5-30B-A3B,html,size_detection,55,629,8.7,54.4,55.1
original,VLM,InternVL3.5-30B-A3B,html,number_of_rows,251,629,39.9,39.9,39.9
original,VLM,InternVL3.5-30B-A3B,html,number_of_columns,557,629,88.6,88.6,88.6
original,VLM,InternVL3.5-30B-A3B,html,cell_lookup,112,629,17.8,45.5,45.8
original,VLM,InternVL3.5-30B-A3B,html,reverse_lookup,58,629,9.2,9.2,9.2
original,VLM,InternVL3.5-30B-A3B,html,column_retrieval,338,629,53.7,53.7,53.9
original,VLM,InternVL3.5-30B-A3B,html,row_retrieval,14,629,2.2,14.5,18.2
original,VLM,InternVL3.5-30B-A3B,html,OVERALL,2441,6290,38.8,52.8,53.7
original,VLM,InternVL3.5-30B-A3B,markdown,table_partition,0,629,0.0,55.4,60.0
original,VLM,InternVL3.5-30B-A3B,markdown,table_first_cell,534,629,84.9,84.9,85.1
original,VLM,InternVL3.5-30B-A3B,markdown,table_last_cell,481,629,76.5,76.5,76.8
original,VLM,InternVL3.5-30B-A3B,markdown,size_detection,158,629,25.1,62.3,63.1
original,VLM,InternVL3.5-30B-A3B,markdown,number_of_rows,353,629,56.1,56.1,56.1
original,VLM,InternVL3.5-30B-A3B,markdown,number_of_columns,538,629,85.5,85.5,85.5
original,VLM,InternVL3.5-30B-A3B,markdown,cell_lookup,154,629,24.5,51.8,52.0
original,VLM,InternVL3.5-30B-A3B,markdown,reverse_lookup,82,629,13.0,13.0,13.2
original,VLM,InternVL3.5-30B-A3B,markdown,column_retrieval,408,629,64.9,64.9,65.0
original,VLM,InternVL3.5-30B-A3B,markdown,row_retrieval,28,629,4.5,17.5,20.9
original,VLM,InternVL3.5-30B-A3B,markdown,OVERALL,2736,6290,43.5,56.8,57.8
original,VLM,InternVL3.5-30B-A3B,latex,table_partition,0,629,0.0,50.8,55.2
original,VLM,InternVL3.5-30B-A3B,latex,table_first_cell,561,629,89.2,89.2,89.3
original,VLM,InternVL3.5-30B-A3B,latex,table_last_cell,507,629,80.6,80.6,80.6
original,VLM,InternVL3.5-30B-A3B,latex,size_detection,79,629,12.6,53.2,54.2
original,VLM,InternVL3.5-30B-A3B,latex,number_of_rows,280,629,44.5,44.5,44.5
original,VLM,InternVL3.5-30B-A3B,latex,number_of_columns,525,629,83.5,83.5,83.5
original,VLM,InternVL3.5-30B-A3B,latex,cell_lookup,135,629,21.5,49.8,49.8
original,VLM,InternVL3.5-30B-A3B,latex,reverse_lookup,100,629,15.9,15.9,15.9
original,VLM,InternVL3.5-30B-A3B,latex,column_retrieval,439,629,69.8,69.8,70.1
original,VLM,InternVL3.5-30B-A3B,latex,row_retrieval,25,629,4.0,16.5,20.4
original,VLM,InternVL3.5-30B-A3B,latex,OVERALL,2651,6290,42.1,55.4,56.4
original,VLM,Qwen3-VL-30B-A3B-Instruct,html,table_partition,316,629,50.2,76.5,78.6
original,VLM,Qwen3-VL-30B-A3B-Instruct,html,table_first_cell,582,629,92.5,92.5,92.5
original,VLM,Qwen3-VL-30B-A3B-Instruct,html,table_last_cell,536,629,85.2,85.2,85.2
original,VLM,Qwen3-VL-30B-A3B-Instruct,html,size_detection,207,629,32.9,61.4,63.0
original,VLM,Qwen3-VL-30B-A3B-Instruct,html,number_of_rows,278,629,44.2,44.2,44.2
original,VLM,Qwen3-VL-30B-A3B-Instruct,html,number_of_columns,578,629,91.9,91.9,91.9
original,VLM,Qwen3-VL-30B-A3B-Instruct,html,cell_lookup,133,629,21.1,46.9,46.9
original,VLM,Qwen3-VL-30B-A3B-Instruct,html,reverse_lookup,153,629,24.3,24.3,24.6
original,VLM,Qwen3-VL-30B-A3B-Instruct,html,column_retrieval,447,629,71.1,71.1,71.1
original,VLM,Qwen3-VL-30B-A3B-Instruct,html,row_retrieval,1,629,0.2,20.8,25.6
original,VLM,Qwen3-VL-30B-A3B-Instruct,html,OVERALL,3231,6290,51.4,61.5,62.4
original,VLM,Qwen3-VL-30B-A3B-Instruct,markdown,table_partition,252,629,40.1,70.7,72.0
original,VLM,Qwen3-VL-30B-A3B-Instruct,markdown,table_first_cell,553,629,87.9,87.9,87.9
original,VLM,Qwen3-VL-30B-A3B-Instruct,markdown,table_last_cell,495,629,78.7,78.7,78.7
original,VLM,Qwen3-VL-30B-A3B-Instruct,markdown,size_detection,201,629,32.0,63.5,64.4
original,VLM,Qwen3-VL-30B-A3B-Instruct,markdown,number_of_rows,262,629,41.7,41.7,41.7
original,VLM,Qwen3-VL-30B-A3B-Instruct,markdown,number_of_columns,550,629,87.4,87.4,87.4
original,VLM,Qwen3-VL-30B-A3B-Instruct,markdown,cell_lookup,136,629,21.6,49.0,49.0
original,VLM,Qwen3-VL-30B-A3B-Instruct,markdown,reverse_lookup,158,629,25.1,25.1,25.4
original,VLM,Qwen3-VL-30B-A3B-Instruct,markdown,column_retrieval,559,629,88.9,88.9,88.9
original,VLM,Qwen3-VL-30B-A3B-Instruct,markdown,row_retrieval,7,629,1.1,23.5,27.0
original,VLM,Qwen3-VL-30B-A3B-Instruct,markdown,OVERALL,3173,6290,50.4,61.6,62.2
original,VLM,Qwen3-VL-30B-A3B-Instruct,latex,table_partition,287,629,45.6,73.7,75.5
original,VLM,Qwen3-VL-30B-A3B-Instruct,latex,table_first_cell,583,629,92.7,92.7,92.7
original,VLM,Qwen3-VL-30B-A3B-Instruct,latex,table_last_cell,517,629,82.2,82.2,82.2
original,VLM,Qwen3-VL-30B-A3B-Instruct,latex,size_detection,215,629,34.2,64.4,65.2
original,VLM,Qwen3-VL-30B-A3B-Instruct,latex,number_of_rows,253,629,40.2,40.2,40.2
original,VLM,Qwen3-VL-30B-A3B-Instruct,latex,number_of_columns,550,629,87.4,87.4,87.4
original,VLM,Qwen3-VL-30B-A3B-Instruct,latex,cell_lookup,140,629,22.3,50.2,50.2
original,VLM,Qwen3-VL-30B-A3B-Instruct,latex,reverse_lookup,172,629,27.3,27.3,27.8
original,VLM,Qwen3-VL-30B-A3B-Instruct,latex,column_retrieval,527,629,83.8,83.8,84.3
original,VLM,Qwen3-VL-30B-A3B-Instruct,latex,row_retrieval,25,629,4.0,22.7,27.7
original,VLM,Qwen3-VL-30B-A3B-Instruct,latex,OVERALL,3269,6290,52.0,62.5,63.3
original,VLM,Qwen3-VL-8B-Instruct,html,table_partition,150,629,23.8,63.4,64.6
original,VLM,Qwen3-VL-8B-Instruct,html,table_first_cell,587,629,93.3,93.3,93.3
original,VLM,Qwen3-VL-8B-Instruct,html,table_last_cell,509,629,80.9,80.9,80.9
original,VLM,Qwen3-VL-8B-Instruct,html,size_detection,51,629,8.1,41.7,42.9
original,VLM,Qwen3-VL-8B-Instruct,html,number_of_rows,161,629,25.6,25.6,25.6
original,VLM,Qwen3-VL-8B-Instruct,html,number_of_columns,562,629,89.3,89.3,89.3
original,VLM,Qwen3-VL-8B-Instruct,html,cell_lookup,170,629,27.0,55.2,55.2
original,VLM,Qwen3-VL-8B-Instruct,html,reverse_lookup,167,629,26.6,26.6,26.7
original,VLM,Qwen3-VL-8B-Instruct,html,column_retrieval,567,629,90.1,90.1,90.1
original,VLM,Qwen3-VL-8B-Instruct,html,row_retrieval,6,629,1.0,16.5,20.4
original,VLM,Qwen3-VL-8B-Instruct,html,OVERALL,2930,6290,46.6,58.3,58.9
original,VLM,Qwen3-VL-8B-Instruct,markdown,table_partition,155,629,24.6,59.6,60.7
original,VLM,Qwen3-VL-8B-Instruct,markdown,table_first_cell,552,629,87.8,87.8,87.8
original,VLM,Qwen3-VL-8B-Instruct,markdown,table_last_cell,493,629,78.4,78.4,78.4
original,VLM,Qwen3-VL-8B-Instruct,markdown,size_detection,92,629,14.6,53.6,54.5
original,VLM,Qwen3-VL-8B-Instruct,markdown,number_of_rows,200,629,31.8,31.8,31.8
original,VLM,Qwen3-VL-8B-Instruct,markdown,number_of_columns,567,629,90.1,90.1,90.1
original,VLM,Qwen3-VL-8B-Instruct,markdown,cell_lookup,176,629,28.0,55.2,55.2
original,VLM,Qwen3-VL-8B-Instruct,markdown,reverse_lookup,215,629,34.2,34.2,34.3
original,VLM,Qwen3-VL-8B-Instruct,markdown,column_retrieval,565,629,89.8,89.8,90.3
original,VLM,Qwen3-VL-8B-Instruct,markdown,row_retrieval,14,629,2.2,16.3,21.3
original,VLM,Qwen3-VL-8B-Instruct,markdown,OVERALL,3029,6290,48.2,59.7,60.4
original,VLM,Qwen3-VL-8B-Instruct,latex,table_partition,131,629,20.8,61.5,62.8
original,VLM,Qwen3-VL-8B-Instruct,latex,table_first_cell,586,629,93.2,93.2,93.5
original,VLM,Qwen3-VL-8B-Instruct,latex,table_last_cell,496,629,78.9,78.9,79.0
original,VLM,Qwen3-VL-8B-Instruct,latex,size_detection,90,629,14.3,51.7,53.4
original,VLM,Qwen3-VL-8B-Instruct,latex,number_of_rows,227,629,36.1,36.1,36.1
original,VLM,Qwen3-VL-8B-Instruct,latex,number_of_columns,558,629,88.7,88.7,88.7
original,VLM,Qwen3-VL-8B-Instruct,latex,cell_lookup,204,629,32.4,57.9,57.9
original,VLM,Qwen3-VL-8B-Instruct,latex,reverse_lookup,189,629,30.0,30.0,30.2
original,VLM,Qwen3-VL-8B-Instruct,latex,column_retrieval,563,629,89.5,89.5,90.1
original,VLM,Qwen3-VL-8B-Instruct,latex,row_retrieval,19,629,3.0,18.1,23.5
original,VLM,Qwen3-VL-8B-Instruct,latex,OVERALL,3063,6290,48.7,60.6,61.5
original,VLM,SmolVLM2-2.2B-Instruct,html,table_partition,1,629,0.2,5.1,26.3
original,VLM,SmolVLM2-2.2B-Instruct,html,table_first_cell,306,629,48.6,48.6,50.9
original,VLM,SmolVLM2-2.2B-Instruct,html,table_last_cell,199,629,31.6,31.6,32.0
original,VLM,SmolVLM2-2.2B-Instruct,html,size_detection,13,629,2.1,8.9,20.5
original,VLM,SmolVLM2-2.2B-Instruct,html,number_of_rows,169,629,26.9,26.9,26.9
original,VLM,SmolVLM2-2.2B-Instruct,html,number_of_columns,56,629,8.9,8.9,8.9
original,VLM,SmolVLM2-2.2B-Instruct,html,cell_lookup,7,629,1.1,5.2,2.8
original,VLM,SmolVLM2-2.2B-Instruct,html,reverse_lookup,39,629,6.2,6.2,6.2
original,VLM,SmolVLM2-2.2B-Instruct,html,column_retrieval,220,629,35.0,35.0,40.1
original,VLM,SmolVLM2-2.2B-Instruct,html,row_retrieval,0,629,0.0,0.1,12.4
original,VLM,SmolVLM2-2.2B-Instruct,html,OVERALL,1010,6290,16.1,17.7,22.7
original,VLM,SmolVLM2-2.2B-Instruct,markdown,table_partition,0,629,0.0,3.5,26.6
original,VLM,SmolVLM2-2.2B-Instruct,markdown,table_first_cell,123,629,19.6,19.6,41.5
original,VLM,SmolVLM2-2.2B-Instruct,markdown,table_last_cell,107,629,17.0,17.0,29.7
original,VLM,SmolVLM2-2.2B-Instruct,markdown,size_detection,3,629,0.5,2.4,12.2
original,VLM,SmolVLM2-2.2B-Instruct,markdown,number_of_rows,17,629,2.7,2.7,2.7
original,VLM,SmolVLM2-2.2B-Instruct,markdown,number_of_columns,4,629,0.6,0.6,0.6
original,VLM,SmolVLM2-2.2B-Instruct,markdown,cell_lookup,3,629,0.5,3.6,1.7
original,VLM,SmolVLM2-2.2B-Instruct,markdown,reverse_lookup,39,629,6.2,6.2,7.2
original,VLM,SmolVLM2-2.2B-Instruct,markdown,column_retrieval,35,629,5.6,5.6,41.0
original,VLM,SmolVLM2-2.2B-Instruct,markdown,row_retrieval,0,629,0.0,0.2,13.7
original,VLM,SmolVLM2-2.2B-Instruct,markdown,OVERALL,331,6290,5.3,6.1,17.7
original,VLM,SmolVLM2-2.2B-Instruct,latex,table_partition,0,629,0.0,1.0,25.8
original,VLM,SmolVLM2-2.2B-Instruct,latex,table_first_cell,311,629,49.4,49.4,52.6
original,VLM,SmolVLM2-2.2B-Instruct,latex,table_last_cell,217,629,34.5,34.5,37.0
original,VLM,SmolVLM2-2.2B-Instruct,latex,size_detection,1,629,0.2,1.7,11.6
original,VLM,SmolVLM2-2.2B-Instruct,latex,number_of_rows,119,629,18.9,18.9,18.9
original,VLM,SmolVLM2-2.2B-Instruct,latex,number_of_columns,53,629,8.4,8.4,8.4
original,VLM,SmolVLM2-2.2B-Instruct,latex,cell_lookup,7,629,1.1,5.7,3.7
original,VLM,SmolVLM2-2.2B-Instruct,latex,reverse_lookup,44,629,7.0,7.0,7.2
original,VLM,SmolVLM2-2.2B-Instruct,latex,column_retrieval,191,629,30.4,30.4,43.2
original,VLM,SmolVLM2-2.2B-Instruct,latex,row_retrieval,0,629,0.0,0.0,11.2
original,VLM,SmolVLM2-2.2B-Instruct,latex,OVERALL,943,6290,15.0,15.7,22.0
original,VLM,gemini-3-flash-preview,html,table_partition,576,628,91.7,96.9,97.4
original,VLM,gemini-3-flash-preview,html,table_first_cell,610,629,97.0,97.0,97.0
original,VLM,gemini-3-flash-preview,html,table_last_cell,557,628,88.7,88.7,88.7
original,VLM,gemini-3-flash-preview,html,size_detection,1,629,0.2,48.0,49.7
original,VLM,gemini-3-flash-preview,html,number_of_rows,3,629,0.5,0.5,0.5
original,VLM,gemini-3-flash-preview,html,number_of_columns,597,629,94.9,94.9,94.9
original,VLM,gemini-3-flash-preview,html,cell_lookup,4,629,0.6,34.9,39.7
original,VLM,gemini-3-flash-preview,html,reverse_lookup,93,629,14.8,14.8,15.3
original,VLM,gemini-3-flash-preview,html,column_retrieval,593,628,94.4,94.4,94.6
original,VLM,gemini-3-flash-preview,html,row_retrieval,2,629,0.3,14.0,17.2
original,VLM,gemini-3-flash-preview,html,OVERALL,3036,6287,48.3,58.4,59.5
original,VLM,gemini-3-flash-preview,markdown,table_partition,552,628,87.9,95.5,96.0
original,VLM,gemini-3-flash-preview,markdown,table_first_cell,596,629,94.8,94.8,94.8
original,VLM,gemini-3-flash-preview,markdown,table_last_cell,551,628,87.7,87.7,87.7
original,VLM,gemini-3-flash-preview,markdown,size_detection,1,629,0.2,49.8,50.9
original,VLM,gemini-3-flash-preview,markdown,number_of_rows,12,629,1.9,1.9,1.9
original,VLM,gemini-3-flash-preview,markdown,number_of_columns,627,629,99.7,99.7,99.7
original,VLM,gemini-3-flash-preview,markdown,cell_lookup,8,629,1.3,35.2,40.1
original,VLM,gemini-3-flash-preview,markdown,reverse_lookup,94,629,14.9,14.9,15.4
original,VLM,gemini-3-flash-preview,markdown,column_retrieval,611,628,97.3,97.3,97.3
original,VLM,gemini-3-flash-preview,markdown,row_retrieval,2,629,0.3,13.9,17.0
original,VLM,gemini-3-flash-preview,markdown,OVERALL,3054,6287,48.6,59.0,60.1
original,VLM,gemini-3-flash-preview,latex,table_partition,541,628,86.1,95.3,96.3
original,VLM,gemini-3-flash-preview,latex,table_first_cell,596,629,94.8,94.8,96.2
original,VLM,gemini-3-flash-preview,latex,table_last_cell,549,628,87.4,87.4,87.4
original,VLM,gemini-3-flash-preview,latex,size_detection,0,629,0.0,49.4,50.6
original,VLM,gemini-3-flash-preview,latex,number_of_rows,41,629,6.5,6.5,6.5
original,VLM,gemini-3-flash-preview,latex,number_of_columns,624,629,99.2,99.2,99.2
original,VLM,gemini-3-flash-preview,latex,cell_lookup,10,629,1.6,38.9,42.0
original,VLM,gemini-3-flash-preview,latex,reverse_lookup,95,629,15.1,15.1,15.6
original,VLM,gemini-3-flash-preview,latex,column_retrieval,602,629,95.7,95.7,96.5
original,VLM,gemini-3-flash-preview,latex,row_retrieval,5,628,0.8,13.6,16.9
original,VLM,gemini-3-flash-preview,latex,OVERALL,3063,6287,48.7,59.6,60.7
original,VLM,gemma_3-12B-IT,html,table_partition,65,629,10.3,34.1,37.5
original,VLM,gemma_3-12B-IT,html,table_first_cell,236,629,37.5,37.5,38.8
original,VLM,gemma_3-12B-IT,html,table_last_cell,288,629,45.8,45.8,46.1
original,VLM,gemma_3-12B-IT,html,size_detection,86,629,13.7,37.8,38.6
original,VLM,gemma_3-12B-IT,html,number_of_rows,189,629,30.0,30.0,30.0
original,VLM,gemma_3-12B-IT,html,number_of_columns,220,629,35.0,35.0,35.0
original,VLM,gemma_3-12B-IT,html,cell_lookup,65,629,10.3,30.4,30.6
original,VLM,gemma_3-12B-IT,html,reverse_lookup,91,629,14.5,14.5,14.8
original,VLM,gemma_3-12B-IT,html,column_retrieval,354,629,56.3,56.3,56.6
original,VLM,gemma_3-12B-IT,html,row_retrieval,18,629,2.9,10.8,19.3
original,VLM,gemma_3-12B-IT,html,OVERALL,1612,6290,25.6,33.2,34.7
original,VLM,gemma_3-12B-IT,markdown,table_partition,67,629,10.7,35.2,38.2
original,VLM,gemma_3-12B-IT,markdown,table_first_cell,252,629,40.1,40.1,42.0
original,VLM,gemma_3-12B-IT,markdown,table_last_cell,294,629,46.7,46.7,46.9
original,VLM,gemma_3-12B-IT,markdown,size_detection,114,629,18.1,41.3,42.1
original,VLM,gemma_3-12B-IT,markdown,number_of_rows,206,629,32.8,32.8,32.8
original,VLM,gemma_3-12B-IT,markdown,number_of_columns,264,629,42.0,42.0,42.0
original,VLM,gemma_3-12B-IT,markdown,cell_lookup,89,629,14.1,33.2,33.5
original,VLM,gemma_3-12B-IT,markdown,reverse_lookup,97,629,15.4,15.4,15.7
original,VLM,gemma_3-12B-IT,markdown,column_retrieval,420,629,66.8,66.8,67.1
original,VLM,gemma_3-12B-IT,markdown,row_retrieval,15,629,2.4,10.6,18.6
original,VLM,gemma_3-12B-IT,markdown,OVERALL,1818,6290,28.9,36.4,37.9
original,VLM,gemma_3-12B-IT,latex,table_partition,87,629,13.8,36.9,40.1
original,VLM,gemma_3-12B-IT,latex,table_first_cell,259,629,41.2,41.2,42.1
original,VLM,gemma_3-12B-IT,latex,table_last_cell,303,629,48.2,48.2,48.5
original,VLM,gemma_3-12B-IT,latex,size_detection,85,629,13.5,36.3,37.4
original,VLM,gemma_3-12B-IT,latex,number_of_rows,190,629,30.2,30.2,30.2
original,VLM,gemma_3-12B-IT,latex,number_of_columns,234,629,37.2,37.2,37.2
original,VLM,gemma_3-12B-IT,latex,cell_lookup,69,629,11.0,30.0,30.2
original,VLM,gemma_3-12B-IT,latex,reverse_lookup,95,629,15.1,15.1,15.6
original,VLM,gemma_3-12B-IT,latex,column_retrieval,395,629,62.8,62.8,63.3
original,VLM,gemma_3-12B-IT,latex,row_retrieval,19,629,3.0,11.1,18.8
original,VLM,gemma_3-12B-IT,latex,OVERALL,1736,6290,27.6,34.9,36.3
original,VLM,gemma_3-27B-IT,html,table_partition,186,629,29.6,56.0,58.3
original,VLM,gemma_3-27B-IT,html,table_first_cell,402,629,63.9,63.9,64.2
original,VLM,gemma_3-27B-IT,html,table_last_cell,329,629,52.3,52.3,52.6
original,VLM,gemma_3-27B-IT,html,size_detection,132,629,21.0,42.9,43.8
original,VLM,gemma_3-27B-IT,html,number_of_rows,251,629,39.9,39.9,39.9
original,VLM,gemma_3-27B-IT,html,number_of_columns,315,629,50.1,50.1,50.1
original,VLM,gemma_3-27B-IT,html,cell_lookup,142,629,22.6,44.4,47.5
original,VLM,gemma_3-27B-IT,html,reverse_lookup,205,629,32.6,32.6,32.9
original,VLM,gemma_3-27B-IT,html,column_retrieval,446,629,70.9,70.9,71.4
original,VLM,gemma_3-27B-IT,html,row_retrieval,66,629,10.5,24.9,30.8
original,VLM,gemma_3-27B-IT,html,OVERALL,2474,6290,39.3,47.8,49.2
original,VLM,gemma_3-27B-IT,markdown,table_partition,190,629,30.2,55.5,57.6
original,VLM,gemma_3-27B-IT,markdown,table_first_cell,371,629,59.0,59.0,59.5
original,VLM,gemma_3-27B-IT,markdown,table_last_cell,324,629,51.5,51.5,51.5
original,VLM,gemma_3-27B-IT,markdown,size_detection,172,629,27.3,48.2,49.0
original,VLM,gemma_3-27B-IT,markdown,number_of_rows,279,629,44.4,44.4,44.4
original,VLM,gemma_3-27B-IT,markdown,number_of_columns,351,629,55.8,55.8,55.8
original,VLM,gemma_3-27B-IT,markdown,cell_lookup,152,629,24.2,44.4,47.0
original,VLM,gemma_3-27B-IT,markdown,reverse_lookup,212,629,33.7,33.7,33.9
original,VLM,gemma_3-27B-IT,markdown,column_retrieval,467,629,74.2,74.2,75.0
original,VLM,gemma_3-27B-IT,markdown,row_retrieval,71,629,11.3,24.5,30.6
original,VLM,gemma_3-27B-IT,markdown,OVERALL,2589,6290,41.2,49.1,50.4
original,VLM,gemma_3-27B-IT,latex,table_partition,178,629,28.3,53.8,56.4
original,VLM,gemma_3-27B-IT,latex,table_first_cell,375,629,59.6,59.6,59.9
original,VLM,gemma_3-27B-IT,latex,table_last_cell,327,629,52.0,52.0,52.5
original,VLM,gemma_3-27B-IT,latex,size_detection,148,629,23.5,44.6,45.5
original,VLM,gemma_3-27B-IT,latex,number_of_rows,250,629,39.7,39.7,39.7
original,VLM,gemma_3-27B-IT,latex,number_of_columns,316,629,50.2,50.2,50.2
original,VLM,gemma_3-27B-IT,latex,cell_lookup,143,629,22.7,43.5,46.3
original,VLM,gemma_3-27B-IT,latex,reverse_lookup,205,629,32.6,32.6,33.2
original,VLM,gemma_3-27B-IT,latex,column_retrieval,442,629,70.3,70.3,71.4
original,VLM,gemma_3-27B-IT,latex,row_retrieval,57,629,9.1,22.6,28.2
original,VLM,gemma_3-27B-IT,latex,OVERALL,2441,6290,38.8,46.9,48.3
original,VLM,gpt-5.2,html,table_partition,585,629,93.0,95.7,95.7
original,VLM,gpt-5.2,html,table_first_cell,611,629,97.1,95.2,95.2
original,VLM,gpt-5.2,html,table_last_cell,597,629,94.9,87.1,87.1
original,VLM,gpt-5.2,html,size_detection,207,629,32.9,66.1,66.9
original,VLM,gpt-5.2,html,number_of_rows,493,629,78.4,78.4,78.4
original,VLM,gpt-5.2,html,number_of_columns,617,629,98.1,98.1,98.1
original,VLM,gpt-5.2,html,cell_lookup,17,629,2.7,45.2,46.3
original,VLM,gpt-5.2,html,reverse_lookup,99,629,15.7,13.8,14.3
original,VLM,gpt-5.2,html,column_retrieval,599,629,95.2,94.6,94.6
original,VLM,gpt-5.2,html,row_retrieval,11,629,1.7,14.7,17.7
original,VLM,gpt-5.2,html,OVERALL,3836,6290,61.0,68.9,69.4
original,VLM,gpt-5.2,markdown,table_partition,550,629,87.4,92.7,92.7
original,VLM,gpt-5.2,markdown,table_first_cell,589,629,93.6,92.2,92.2
original,VLM,gpt-5.2,markdown,table_last_cell,576,629,91.6,83.9,83.9
original,VLM,gpt-5.2,markdown,size_detection,505,629,80.3,89.7,90.1
original,VLM,gpt-5.2,markdown,number_of_rows,574,629,91.3,91.3,91.3
original,VLM,gpt-5.2,markdown,number_of_columns,622,629,98.9,98.9,98.9
original,VLM,gpt-5.2,markdown,cell_lookup,19,629,3.0,44.9,45.6
original,VLM,gpt-5.2,markdown,reverse_lookup,131,629,20.8,18.8,19.1
original,VLM,gpt-5.2,markdown,column_retrieval,604,629,96.0,95.4,95.4
original,VLM,gpt-5.2,markdown,row_retrieval,32,629,5.1,18.2,21.4
original,VLM,gpt-5.2,markdown,OVERALL,4202,6290,66.8,72.6,73.1
original,VLM,gpt-5.2,latex,table_partition,537,629,85.4,92.2,92.8
original,VLM,gpt-5.2,latex,table_first_cell,587,629,93.3,92.2,92.2
original,VLM,gpt-5.2,latex,table_last_cell,554,629,88.1,83.3,83.5
original,VLM,gpt-5.2,latex,size_detection,363,629,57.7,78.1,78.8
original,VLM,gpt-5.2,latex,number_of_rows,539,629,85.7,85.7,85.7
original,VLM,gpt-5.2,latex,number_of_columns,607,629,96.5,96.5,96.5
original,VLM,gpt-5.2,latex,cell_lookup,22,629,3.5,45.5,46.3
original,VLM,gpt-5.2,latex,reverse_lookup,121,629,19.2,17.3,17.6
original,VLM,gpt-5.2,latex,column_retrieval,588,629,93.5,93.3,93.8
original,VLM,gpt-5.2,latex,row_retrieval,16,629,2.5,15.6,18.9
original,VLM,gpt-5.2,latex,OVERALL,3934,6290,62.5,70.0,70.6
original,VLM,llava_1.6-vicuna-13B,html,table_partition,1,629,0.2,6.3,31.1
original,VLM,llava_1.6-vicuna-13B,html,table_first_cell,198,629,31.5,31.5,31.6
original,VLM,llava_1.6-vicuna-13B,html,table_last_cell,173,629,27.5,27.5,27.8
original,VLM,llava_1.6-vicuna-13B,html,size_detection,28,629,4.5,22.5,25.6
original,VLM,llava_1.6-vicuna-13B,html,number_of_rows,122,629,19.4,19.4,19.4
original,VLM,llava_1.6-vicuna-13B,html,number_of_columns,176,629,28.0,28.0,28.0
original,VLM,llava_1.6-vicuna-13B,html,cell_lookup,9,629,1.4,9.6,9.6
original,VLM,llava_1.6-vicuna-13B,html,reverse_lookup,40,629,6.4,6.4,6.5
original,VLM,llava_1.6-vicuna-13B,html,column_retrieval,236,629,37.5,37.5,38.3
original,VLM,llava_1.6-vicuna-13B,html,row_retrieval,0,629,0.0,3.1,16.4
original,VLM,llava_1.6-vicuna-13B,html,OVERALL,983,6290,15.6,19.2,23.4
original,VLM,llava_1.6-vicuna-13B,markdown,table_partition,3,629,0.5,5.8,36.2
original,VLM,llava_1.6-vicuna-13B,markdown,table_first_cell,224,629,35.6,35.6,35.8
original,VLM,llava_1.6-vicuna-13B,markdown,table_last_cell,199,629,31.6,31.6,31.6
original,VLM,llava_1.6-vicuna-13B,markdown,size_detection,27,629,4.3,20.9,23.8
original,VLM,llava_1.6-vicuna-13B,markdown,number_of_rows,120,629,19.1,19.1,19.4
original,VLM,llava_1.6-vicuna-13B,markdown,number_of_columns,142,629,22.6,22.6,22.6
original,VLM,llava_1.6-vicuna-13B,markdown,cell_lookup,13,629,2.1,9.6,9.5
original,VLM,llava_1.6-vicuna-13B,markdown,reverse_lookup,39,629,6.2,6.2,6.5
original,VLM,llava_1.6-vicuna-13B,markdown,column_retrieval,230,629,36.6,36.6,37.0
original,VLM,llava_1.6-vicuna-13B,markdown,row_retrieval,0,629,0.0,4.0,20.3
original,VLM,llava_1.6-vicuna-13B,markdown,OVERALL,997,6290,15.9,19.2,24.3
original,VLM,llava_1.6-vicuna-13B,latex,table_partition,1,629,0.2,7.3,37.2
original,VLM,llava_1.6-vicuna-13B,latex,table_first_cell,207,629,32.9,32.9,33.1
original,VLM,llava_1.6-vicuna-13B,latex,table_last_cell,186,629,29.6,29.6,29.9
original,VLM,llava_1.6-vicuna-13B,latex,size_detection,24,629,3.8,20.7,23.9
original,VLM,llava_1.6-vicuna-13B,latex,number_of_rows,126,629,20.0,20.0,20.0
original,VLM,llava_1.6-vicuna-13B,latex,number_of_columns,129,629,20.5,20.5,20.5
original,VLM,llava_1.6-vicuna-13B,latex,cell_lookup,14,629,2.2,9.9,10.0
original,VLM,llava_1.6-vicuna-13B,latex,reverse_lookup,35,629,5.6,5.6,5.9
original,VLM,llava_1.6-vicuna-13B,latex,column_retrieval,231,629,36.7,36.7,37.7
original,VLM,llava_1.6-vicuna-13B,latex,row_retrieval,1,629,0.2,4.0,22.0
original,VLM,llava_1.6-vicuna-13B,latex,OVERALL,954,6290,15.2,18.7,24.0
original,VLM,llava_1.6-vicuna-7B,html,table_partition,0,629,0.0,9.5,43.2
original,VLM,llava_1.6-vicuna-7B,html,table_first_cell,90,629,14.3,14.3,14.8
original,VLM,llava_1.6-vicuna-7B,html,table_last_cell,91,629,14.5,14.5,14.6
original,VLM,llava_1.6-vicuna-7B,html,size_detection,20,629,3.2,19.9,22.7
original,VLM,llava_1.6-vicuna-7B,html,number_of_rows,119,629,18.9,18.9,18.9
original,VLM,llava_1.6-vicuna-7B,html,number_of_columns,190,629,30.2,30.2,30.2
original,VLM,llava_1.6-vicuna-7B,html,cell_lookup,11,629,1.7,13.4,14.6
original,VLM,llava_1.6-vicuna-7B,html,reverse_lookup,8,629,1.3,1.4,1.4
original,VLM,llava_1.6-vicuna-7B,html,column_retrieval,186,629,29.6,29.6,30.0
original,VLM,llava_1.6-vicuna-7B,html,row_retrieval,0,629,0.0,1.8,15.6
original,VLM,llava_1.6-vicuna-7B,html,OVERALL,715,6290,11.4,15.4,20.6
original,VLM,llava_1.6-vicuna-7B,markdown,table_partition,1,629,0.2,7.3,45.3
original,VLM,llava_1.6-vicuna-7B,markdown,table_first_cell,89,629,14.1,14.1,14.5
original,VLM,llava_1.6-vicuna-7B,markdown,table_last_cell,114,629,18.1,18.1,18.3
original,VLM,llava_1.6-vicuna-7B,markdown,size_detection,12,629,1.9,15.7,17.0
original,VLM,llava_1.6-vicuna-7B,markdown,number_of_rows,111,629,17.6,17.6,17.6
original,VLM,llava_1.6-vicuna-7B,markdown,number_of_columns,150,629,23.8,23.8,23.8
original,VLM,llava_1.6-vicuna-7B,markdown,cell_lookup,10,629,1.6,13.3,14.2
original,VLM,llava_1.6-vicuna-7B,markdown,reverse_lookup,21,629,3.3,3.3,3.3
original,VLM,llava_1.6-vicuna-7B,markdown,column_retrieval,188,629,29.9,29.9,30.5
original,VLM,llava_1.6-vicuna-7B,markdown,row_retrieval,0,629,0.0,1.9,16.6
original,VLM,llava_1.6-vicuna-7B,markdown,OVERALL,696,6290,11.1,14.5,20.1
original,VLM,llava_1.6-vicuna-7B,latex,table_partition,2,629,0.3,8.7,46.7
original,VLM,llava_1.6-vicuna-7B,latex,table_first_cell,87,629,13.8,13.8,14.5
original,VLM,llava_1.6-vicuna-7B,latex,table_last_cell,114,629,18.1,18.1,18.3
original,VLM,llava_1.6-vicuna-7B,latex,size_detection,8,629,1.3,15.2,17.9
original,VLM,llava_1.6-vicuna-7B,latex,number_of_rows,129,629,20.5,20.5,20.5
original,VLM,llava_1.6-vicuna-7B,latex,number_of_columns,148,629,23.5,23.5,23.5
original,VLM,llava_1.6-vicuna-7B,latex,cell_lookup,12,629,1.9,13.8,14.3
original,VLM,llava_1.6-vicuna-7B,latex,reverse_lookup,18,629,2.9,2.9,2.9
original,VLM,llava_1.6-vicuna-7B,latex,column_retrieval,178,629,28.3,28.3,29.1
original,VLM,llava_1.6-vicuna-7B,latex,row_retrieval,0,629,0.0,2.2,16.9
original,VLM,llava_1.6-vicuna-7B,latex,OVERALL,696,6290,11.1,14.7,20.4
original,VLM,ministral_3-14B-Instruct,html,table_partition,227,629,36.1,54.9,73.6
original,VLM,ministral_3-14B-Instruct,html,table_first_cell,255,629,40.5,40.5,71.2
original,VLM,ministral_3-14B-Instruct,html,table_last_cell,387,629,61.5,61.5,73.9
original,VLM,ministral_3-14B-Instruct,html,size_detection,143,629,22.7,51.0,53.3
original,VLM,ministral_3-14B-Instruct,html,number_of_rows,221,629,35.1,35.1,35.1
original,VLM,ministral_3-14B-Instruct,html,number_of_columns,292,629,46.4,46.4,46.4
original,VLM,ministral_3-14B-Instruct,html,cell_lookup,167,629,26.6,46.7,51.7
original,VLM,ministral_3-14B-Instruct,html,reverse_lookup,249,629,39.6,39.6,43.7
original,VLM,ministral_3-14B-Instruct,html,column_retrieval,501,629,79.7,79.7,80.3
original,VLM,ministral_3-14B-Instruct,html,row_retrieval,67,629,10.7,22.3,29.3
original,VLM,ministral_3-14B-Instruct,html,OVERALL,2509,6290,39.9,47.8,55.9
original,VLM,ministral_3-14B-Instruct,markdown,table_partition,193,629,30.7,49.6,68.6
original,VLM,ministral_3-14B-Instruct,markdown,table_first_cell,216,629,34.3,34.3,65.0
original,VLM,ministral_3-14B-Instruct,markdown,table_last_cell,311,629,49.4,49.4,68.7
original,VLM,ministral_3-14B-Instruct,markdown,size_detection,242,629,38.5,61.5,66.2
original,VLM,ministral_3-14B-Instruct,markdown,number_of_rows,224,629,35.6,35.6,35.8
original,VLM,ministral_3-14B-Instruct,markdown,number_of_columns,330,629,52.5,52.5,52.5
original,VLM,ministral_3-14B-Instruct,markdown,cell_lookup,167,629,26.6,47.1,52.8
original,VLM,ministral_3-14B-Instruct,markdown,reverse_lookup,244,629,38.8,38.8,43.1
original,VLM,ministral_3-14B-Instruct,markdown,column_retrieval,467,629,74.2,74.2,74.9
original,VLM,ministral_3-14B-Instruct,markdown,row_retrieval,67,629,10.7,23.2,30.0
original,VLM,ministral_3-14B-Instruct,markdown,OVERALL,2461,6290,39.1,46.6,55.8
original,VLM,ministral_3-14B-Instruct,latex,table_partition,227,629,36.1,53.0,70.1
original,VLM,ministral_3-14B-Instruct,latex,table_first_cell,263,629,41.8,41.8,66.1
original,VLM,ministral_3-14B-Instruct,latex,table_last_cell,335,629,53.3,53.3,69.3
original,VLM,ministral_3-14B-Instruct,latex,size_detection,240,629,38.2,63.3,64.4
original,VLM,ministral_3-14B-Instruct,latex,number_of_rows,224,629,35.6,35.6,35.8
original,VLM,ministral_3-14B-Instruct,latex,number_of_columns,227,629,36.1,36.1,36.1
original,VLM,ministral_3-14B-Instruct,latex,cell_lookup,169,629,26.9,47.0,52.0
original,VLM,ministral_3-14B-Instruct,latex,reverse_lookup,248,629,39.4,39.4,43.7
original,VLM,ministral_3-14B-Instruct,latex,column_retrieval,457,629,72.7,72.7,73.6
original,VLM,ministral_3-14B-Instruct,latex,row_retrieval,70,629,11.1,22.2,30.2
original,VLM,ministral_3-14B-Instruct,latex,OVERALL,2460,6290,39.1,46.4,54.1
original,VLM,table-llava-v1.5-7b-hf,html,table_partition,0,629,0.0,0.1,5.6
original,VLM,table-llava-v1.5-7b-hf,html,table_first_cell,41,629,6.5,6.5,8.4
original,VLM,table-llava-v1.5-7b-hf,html,table_last_cell,27,629,4.3,4.3,5.9
original,VLM,table-llava-v1.5-7b-hf,html,size_detection,0,629,0.0,1.6,13.8
original,VLM,table-llava-v1.5-7b-hf,html,number_of_rows,0,629,0.0,0.0,3.3
original,VLM,table-llava-v1.5-7b-hf,html,number_of_columns,2,629,0.3,0.3,2.2
original,VLM,table-llava-v1.5-7b-hf,html,cell_lookup,0,629,0.0,0.3,11.8
original,VLM,table-llava-v1.5-7b-hf,html,reverse_lookup,10,629,1.6,1.6,3.2
original,VLM,table-llava-v1.5-7b-hf,html,column_retrieval,6,629,1.0,1.0,25.8
original,VLM,table-llava-v1.5-7b-hf,html,row_retrieval,0,629,0.0,1.7,25.3
original,VLM,table-llava-v1.5-7b-hf,html,OVERALL,86,6290,1.4,1.7,10.5
original,VLM,table-llava-v1.5-7b-hf,markdown,table_partition,0,629,0.0,0.0,5.5
original,VLM,table-llava-v1.5-7b-hf,markdown,table_first_cell,42,629,6.7,6.7,7.6
original,VLM,table-llava-v1.5-7b-hf,markdown,table_last_cell,58,629,9.2,9.2,9.7
original,VLM,table-llava-v1.5-7b-hf,markdown,size_detection,0,629,0.0,2.0,21.7
original,VLM,table-llava-v1.5-7b-hf,markdown,number_of_rows,82,629,13.0,13.0,13.2
original,VLM,table-llava-v1.5-7b-hf,markdown,number_of_columns,91,629,14.5,14.5,14.6
original,VLM,table-llava-v1.5-7b-hf,markdown,cell_lookup,0,629,0.0,0.2,11.0
original,VLM,table-llava-v1.5-7b-hf,markdown,reverse_lookup,17,629,2.7,2.9,3.8
original,VLM,table-llava-v1.5-7b-hf,markdown,column_retrieval,58,629,9.2,9.2,17.5
original,VLM,table-llava-v1.5-7b-hf,markdown,row_retrieval,0,629,0.0,2.7,32.3
original,VLM,table-llava-v1.5-7b-hf,markdown,OVERALL,348,6290,5.5,6.0,13.7
original,VLM,table-llava-v1.5-7b-hf,latex,table_partition,0,629,0.0,0.1,3.0
original,VLM,table-llava-v1.5-7b-hf,latex,table_first_cell,14,629,2.2,2.2,3.3
original,VLM,table-llava-v1.5-7b-hf,latex,table_last_cell,27,629,4.3,4.3,4.9
original,VLM,table-llava-v1.5-7b-hf,latex,size_detection,0,629,0.0,1.7,15.5
original,VLM,table-llava-v1.5-7b-hf,latex,number_of_rows,13,629,2.1,2.1,16.9
original,VLM,table-llava-v1.5-7b-hf,latex,number_of_columns,18,629,2.9,2.9,4.6
original,VLM,table-llava-v1.5-7b-hf,latex,cell_lookup,0,629,0.0,0.3,11.9
original,VLM,table-llava-v1.5-7b-hf,latex,reverse_lookup,11,629,1.7,1.9,2.5
original,VLM,table-llava-v1.5-7b-hf,latex,column_retrieval,23,629,3.7,3.7,19.2
original,VLM,table-llava-v1.5-7b-hf,latex,row_retrieval,0,629,0.0,1.1,21.7
original,VLM,table-llava-v1.5-7b-hf,latex,OVERALL,106,6290,1.7,2.0,10.4
original,VLM-TEXT,InternVL3.5-14B,html,table_partition,53,629,8.4,57.1,58.9
original,VLM-TEXT,InternVL3.5-14B,html,table_first_cell,601,629,95.5,95.5,97.1
original,VLM-TEXT,InternVL3.5-14B,html,table_last_cell,495,629,78.7,77.9,83.0
original,VLM-TEXT,InternVL3.5-14B,html,size_detection,53,629,8.4,52.8,53.8
original,VLM-TEXT,InternVL3.5-14B,html,number_of_rows,318,629,50.6,50.6,50.6
original,VLM-TEXT,InternVL3.5-14B,html,number_of_columns,619,629,98.4,98.4,98.4
original,VLM-TEXT,InternVL3.5-14B,html,cell_lookup,320,629,50.9,69.3,70.7
original,VLM-TEXT,InternVL3.5-14B,html,reverse_lookup,278,629,44.2,43.6,43.9
original,VLM-TEXT,InternVL3.5-14B,html,column_retrieval,599,629,95.2,95.1,95.1
original,VLM-TEXT,InternVL3.5-14B,html,row_retrieval,54,629,8.6,20.2,23.4
original,VLM-TEXT,InternVL3.5-14B,html,OVERALL,3390,6290,53.9,66.0,67.5
original,VLM-TEXT,InternVL3.5-14B,markdown,table_partition,9,629,1.4,47.4,52.2
original,VLM-TEXT,InternVL3.5-14B,markdown,table_first_cell,480,629,76.3,76.6,77.1
original,VLM-TEXT,InternVL3.5-14B,markdown,table_last_cell,449,629,71.4,72.2,75.7
original,VLM-TEXT,InternVL3.5-14B,markdown,size_detection,91,629,14.5,59.8,61.1
original,VLM-TEXT,InternVL3.5-14B,markdown,number_of_rows,413,629,65.7,65.7,65.8
original,VLM-TEXT,InternVL3.5-14B,markdown,number_of_columns,540,629,85.9,85.9,85.9
original,VLM-TEXT,InternVL3.5-14B,markdown,cell_lookup,274,629,43.6,65.4,66.3
original,VLM-TEXT,InternVL3.5-14B,markdown,reverse_lookup,209,629,33.2,33.2,33.7
original,VLM-TEXT,InternVL3.5-14B,markdown,column_retrieval,528,629,83.9,83.8,83.9
original,VLM-TEXT,InternVL3.5-14B,markdown,row_retrieval,21,629,3.3,17.6,23.0
original,VLM-TEXT,InternVL3.5-14B,markdown,OVERALL,3014,6290,47.9,60.8,62.5
original,VLM-TEXT,InternVL3.5-14B,latex,table_partition,70,629,11.1,57.7,59.7
original,VLM-TEXT,InternVL3.5-14B,latex,table_first_cell,592,629,94.1,94.1,94.9
original,VLM-TEXT,InternVL3.5-14B,latex,table_last_cell,478,629,76.0,76.0,77.7
original,VLM-TEXT,InternVL3.5-14B,latex,size_detection,69,629,11.0,56.2,57.1
original,VLM-TEXT,InternVL3.5-14B,latex,number_of_rows,278,629,44.2,44.2,44.5
original,VLM-TEXT,InternVL3.5-14B,latex,number_of_columns,625,629,99.4,99.4,99.4
original,VLM-TEXT,InternVL3.5-14B,latex,cell_lookup,232,629,36.9,60.0,61.4
original,VLM-TEXT,InternVL3.5-14B,latex,reverse_lookup,140,629,22.3,22.3,22.9
original,VLM-TEXT,InternVL3.5-14B,latex,column_retrieval,548,629,87.1,87.0,87.0
original,VLM-TEXT,InternVL3.5-14B,latex,row_retrieval,43,629,6.8,15.6,19.6
original,VLM-TEXT,InternVL3.5-14B,latex,OVERALL,3075,6290,48.9,61.2,62.4
original,VLM-TEXT,InternVL3.5-30B-A3B,html,table_partition,0,629,0.0,64.4,69.0
original,VLM-TEXT,InternVL3.5-30B-A3B,html,table_first_cell,576,629,91.6,91.6,91.6
original,VLM-TEXT,InternVL3.5-30B-A3B,html,table_last_cell,475,629,75.5,75.4,78.9
original,VLM-TEXT,InternVL3.5-30B-A3B,html,size_detection,0,629,0.0,78.3,78.3
original,VLM-TEXT,InternVL3.5-30B-A3B,html,number_of_rows,73,629,11.6,11.6,74.2
original,VLM-TEXT,InternVL3.5-30B-A3B,html,number_of_columns,626,629,99.5,99.5,99.5
original,VLM-TEXT,InternVL3.5-30B-A3B,html,cell_lookup,270,629,42.9,63.8,64.2
original,VLM-TEXT,InternVL3.5-30B-A3B,html,reverse_lookup,195,629,31.0,31.0,31.3
original,VLM-TEXT,InternVL3.5-30B-A3B,html,column_retrieval,547,629,87.0,87.0,90.0
original,VLM-TEXT,InternVL3.5-30B-A3B,html,row_retrieval,190,629,30.2,39.5,43.3
original,VLM-TEXT,InternVL3.5-30B-A3B,html,OVERALL,2952,6290,46.9,64.2,72.0
original,VLM-TEXT,InternVL3.5-30B-A3B,markdown,table_partition,0,629,0.0,39.3,46.9
original,VLM-TEXT,InternVL3.5-30B-A3B,markdown,table_first_cell,405,629,64.4,64.4,64.4
original,VLM-TEXT,InternVL3.5-30B-A3B,markdown,table_last_cell,474,629,75.4,75.0,76.9
original,VLM-TEXT,InternVL3.5-30B-A3B,markdown,size_detection,0,629,0.0,81.7,82.0
original,VLM-TEXT,InternVL3.5-30B-A3B,markdown,number_of_rows,99,629,15.7,16.4,77.9
original,VLM-TEXT,InternVL3.5-30B-A3B,markdown,number_of_columns,611,629,97.1,97.1,98.3
original,VLM-TEXT,InternVL3.5-30B-A3B,markdown,cell_lookup,204,629,32.4,56.3,56.6
original,VLM-TEXT,InternVL3.5-30B-A3B,markdown,reverse_lookup,179,629,28.5,28.5,28.5
original,VLM-TEXT,InternVL3.5-30B-A3B,markdown,column_retrieval,542,629,86.2,86.0,86.2
original,VLM-TEXT,InternVL3.5-30B-A3B,markdown,row_retrieval,135,629,21.5,30.5,39.9
original,VLM-TEXT,InternVL3.5-30B-A3B,markdown,OVERALL,2649,6290,42.1,57.5,65.8
original,VLM-TEXT,InternVL3.5-30B-A3B,latex,table_partition,0,629,0.0,52.6,56.8
original,VLM-TEXT,InternVL3.5-30B-A3B,latex,table_first_cell,535,629,85.1,85.1,85.1
original,VLM-TEXT,InternVL3.5-30B-A3B,latex,table_last_cell,477,629,75.8,75.2,76.5
original,VLM-TEXT,InternVL3.5-30B-A3B,latex,size_detection,0,629,0.0,61.8,62.6
original,VLM-TEXT,InternVL3.5-30B-A3B,latex,number_of_rows,57,629,9.1,9.1,25.4
original,VLM-TEXT,InternVL3.5-30B-A3B,latex,number_of_columns,625,629,99.4,99.4,100.0
original,VLM-TEXT,InternVL3.5-30B-A3B,latex,cell_lookup,181,629,28.8,51.4,51.4
original,VLM-TEXT,InternVL3.5-30B-A3B,latex,reverse_lookup,132,629,21.0,21.0,21.3
original,VLM-TEXT,InternVL3.5-30B-A3B,latex,column_retrieval,546,629,86.8,86.8,87.0
original,VLM-TEXT,InternVL3.5-30B-A3B,latex,row_retrieval,138,629,21.9,30.4,38.2
original,VLM-TEXT,InternVL3.5-30B-A3B,latex,OVERALL,2691,6290,42.8,57.3,60.4
original,VLM-TEXT,Qwen3-VL-30B-A3B-Instruct,html,table_partition,314,629,49.9,76.1,77.9
original,VLM-TEXT,Qwen3-VL-30B-A3B-Instruct,html,table_first_cell,595,629,94.6,94.6,94.6
original,VLM-TEXT,Qwen3-VL-30B-A3B-Instruct,html,table_last_cell,483,629,76.8,76.6,78.2
original,VLM-TEXT,Qwen3-VL-30B-A3B-Instruct,html,size_detection,431,629,68.5,84.0,84.2
original,VLM-TEXT,Qwen3-VL-30B-A3B-Instruct,html,number_of_rows,462,629,73.4,73.4,73.4
original,VLM-TEXT,Qwen3-VL-30B-A3B-Instruct,html,number_of_columns,608,629,96.7,96.7,96.7
original,VLM-TEXT,Qwen3-VL-30B-A3B-Instruct,html,cell_lookup,255,629,40.5,66.2,66.2
original,VLM-TEXT,Qwen3-VL-30B-A3B-Instruct,html,reverse_lookup,236,629,37.5,37.5,37.7
original,VLM-TEXT,Qwen3-VL-30B-A3B-Instruct,html,column_retrieval,564,629,89.7,89.7,89.8
original,VLM-TEXT,Qwen3-VL-30B-A3B-Instruct,html,row_retrieval,90,629,14.3,25.6,29.5
original,VLM-TEXT,Qwen3-VL-30B-A3B-Instruct,html,OVERALL,4038,6290,64.2,72.0,72.8
original,VLM-TEXT,Qwen3-VL-30B-A3B-Instruct,markdown,table_partition,166,629,26.4,57.8,60.8
original,VLM-TEXT,Qwen3-VL-30B-A3B-Instruct,markdown,table_first_cell,552,629,87.8,87.8,87.8
original,VLM-TEXT,Qwen3-VL-30B-A3B-Instruct,markdown,table_last_cell,408,629,64.9,64.9,68.0
original,VLM-TEXT,Qwen3-VL-30B-A3B-Instruct,markdown,size_detection,392,629,62.3,78.5,79.0
original,VLM-TEXT,Qwen3-VL-30B-A3B-Instruct,markdown,number_of_rows,532,629,84.6,84.6,84.6
original,VLM-TEXT,Qwen3-VL-30B-A3B-Instruct,markdown,number_of_columns,451,629,71.7,71.7,71.7
original,VLM-TEXT,Qwen3-VL-30B-A3B-Instruct,markdown,cell_lookup,186,629,29.6,55.0,55.0
original,VLM-TEXT,Qwen3-VL-30B-A3B-Instruct,markdown,reverse_lookup,131,629,20.8,21.0,21.5
original,VLM-TEXT,Qwen3-VL-30B-A3B-Instruct,markdown,column_retrieval,454,629,72.2,72.2,72.3
original,VLM-TEXT,Qwen3-VL-30B-A3B-Instruct,markdown,row_retrieval,37,629,5.9,16.6,24.6
original,VLM-TEXT,Qwen3-VL-30B-A3B-Instruct,markdown,OVERALL,3309,6290,52.6,61.0,62.5
original,VLM-TEXT,Qwen3-VL-30B-A3B-Instruct,latex,table_partition,185,629,29.4,64.1,66.3
original,VLM-TEXT,Qwen3-VL-30B-A3B-Instruct,latex,table_first_cell,601,629,95.5,95.5,95.5
original,VLM-TEXT,Qwen3-VL-30B-A3B-Instruct,latex,table_last_cell,438,629,69.6,69.5,73.6
original,VLM-TEXT,Qwen3-VL-30B-A3B-Instruct,latex,size_detection,295,629,46.9,73.4,73.8
original,VLM-TEXT,Qwen3-VL-30B-A3B-Instruct,latex,number_of_rows,406,629,64.5,64.5,64.5
original,VLM-TEXT,Qwen3-VL-30B-A3B-Instruct,latex,number_of_columns,613,629,97.5,97.5,97.5
original,VLM-TEXT,Qwen3-VL-30B-A3B-Instruct,latex,cell_lookup,187,629,29.7,53.8,53.8
original,VLM-TEXT,Qwen3-VL-30B-A3B-Instruct,latex,reverse_lookup,124,629,19.7,19.7,19.9
original,VLM-TEXT,Qwen3-VL-30B-A3B-Instruct,latex,column_retrieval,522,629,83.0,83.0,83.0
original,VLM-TEXT,Qwen3-VL-30B-A3B-Instruct,latex,row_retrieval,54,629,8.6,17.1,24.1
original,VLM-TEXT,Qwen3-VL-30B-A3B-Instruct,latex,OVERALL,3425,6290,54.5,63.8,65.2
original,VLM-TEXT,Qwen3-VL-8B-Instruct,html,table_partition,169,629,26.9,63.4,64.9
original,VLM-TEXT,Qwen3-VL-8B-Instruct,html,table_first_cell,588,629,93.5,93.5,93.5
original,VLM-TEXT,Qwen3-VL-8B-Instruct,html,table_last_cell,503,629,80.0,80.0,80.1
original,VLM-TEXT,Qwen3-VL-8B-Instruct,html,size_detection,175,629,27.8,63.4,63.8
original,VLM-TEXT,Qwen3-VL-8B-Instruct,html,number_of_rows,434,629,69.0,69.0,69.0
original,VLM-TEXT,Qwen3-VL-8B-Instruct,html,number_of_columns,618,629,98.3,98.3,98.3
original,VLM-TEXT,Qwen3-VL-8B-Instruct,html,cell_lookup,285,629,45.3,65.9,65.9
original,VLM-TEXT,Qwen3-VL-8B-Instruct,html,reverse_lookup,301,629,47.9,47.9,48.0
original,VLM-TEXT,Qwen3-VL-8B-Instruct,html,column_retrieval,534,629,84.9,84.9,85.1
original,VLM-TEXT,Qwen3-VL-8B-Instruct,html,row_retrieval,20,629,3.2,15.6,19.4
original,VLM-TEXT,Qwen3-VL-8B-Instruct,html,OVERALL,3627,6290,57.7,68.2,68.8
original,VLM-TEXT,Qwen3-VL-8B-Instruct,markdown,table_partition,67,629,10.7,44.2,45.5
original,VLM-TEXT,Qwen3-VL-8B-Instruct,markdown,table_first_cell,431,629,68.5,68.5,68.7
original,VLM-TEXT,Qwen3-VL-8B-Instruct,markdown,table_last_cell,406,629,64.5,64.4,64.4
original,VLM-TEXT,Qwen3-VL-8B-Instruct,markdown,size_detection,190,629,30.2,59.3,60.2
original,VLM-TEXT,Qwen3-VL-8B-Instruct,markdown,number_of_rows,421,629,66.9,66.9,66.9
original,VLM-TEXT,Qwen3-VL-8B-Instruct,markdown,number_of_columns,584,629,92.8,92.8,92.8
original,VLM-TEXT,Qwen3-VL-8B-Instruct,markdown,cell_lookup,177,629,28.1,53.3,53.3
original,VLM-TEXT,Qwen3-VL-8B-Instruct,markdown,reverse_lookup,118,629,18.8,18.8,19.2
original,VLM-TEXT,Qwen3-VL-8B-Instruct,markdown,column_retrieval,434,629,69.0,69.0,69.2
original,VLM-TEXT,Qwen3-VL-8B-Instruct,markdown,row_retrieval,52,629,8.3,18.2,27.2
original,VLM-TEXT,Qwen3-VL-8B-Instruct,markdown,OVERALL,2880,6290,45.8,55.6,56.8
original,VLM-TEXT,Qwen3-VL-8B-Instruct,latex,table_partition,117,629,18.6,58.5,60.2
original,VLM-TEXT,Qwen3-VL-8B-Instruct,latex,table_first_cell,579,629,92.1,92.1,92.1
original,VLM-TEXT,Qwen3-VL-8B-Instruct,latex,table_last_cell,480,629,76.3,76.3,76.9
original,VLM-TEXT,Qwen3-VL-8B-Instruct,latex,size_detection,99,629,15.7,57.9,58.7
original,VLM-TEXT,Qwen3-VL-8B-Instruct,latex,number_of_rows,228,629,36.2,36.2,36.2
original,VLM-TEXT,Qwen3-VL-8B-Instruct,latex,number_of_columns,629,629,100.0,100.0,100.0
original,VLM-TEXT,Qwen3-VL-8B-Instruct,latex,cell_lookup,190,629,30.2,55.2,55.2
original,VLM-TEXT,Qwen3-VL-8B-Instruct,latex,reverse_lookup,110,629,17.5,17.5,17.6
original,VLM-TEXT,Qwen3-VL-8B-Instruct,latex,column_retrieval,466,629,74.1,74.1,74.1
original,VLM-TEXT,Qwen3-VL-8B-Instruct,latex,row_retrieval,35,629,5.6,15.3,22.5
original,VLM-TEXT,Qwen3-VL-8B-Instruct,latex,OVERALL,2933,6290,46.6,58.3,59.4
original,VLM-TEXT,SmolVLM2-2.2B-Instruct,html,table_partition,0,618,0.0,0.0,21.8
original,VLM-TEXT,SmolVLM2-2.2B-Instruct,html,table_first_cell,70,618,11.3,11.3,34.8
original,VLM-TEXT,SmolVLM2-2.2B-Instruct,html,table_last_cell,57,618,9.2,9.2,16.2
original,VLM-TEXT,SmolVLM2-2.2B-Instruct,html,size_detection,0,618,0.0,1.1,15.8
original,VLM-TEXT,SmolVLM2-2.2B-Instruct,html,number_of_rows,42,618,6.8,6.8,29.1
original,VLM-TEXT,SmolVLM2-2.2B-Instruct,html,number_of_columns,1,618,0.2,0.2,4.2
original,VLM-TEXT,SmolVLM2-2.2B-Instruct,html,cell_lookup,1,618,0.2,3.0,5.7
original,VLM-TEXT,SmolVLM2-2.2B-Instruct,html,reverse_lookup,16,618,2.6,2.6,2.9
original,VLM-TEXT,SmolVLM2-2.2B-Instruct,html,column_retrieval,18,618,2.9,2.9,11.3
original,VLM-TEXT,SmolVLM2-2.2B-Instruct,html,row_retrieval,0,618,0.0,0.1,18.7
original,VLM-TEXT,SmolVLM2-2.2B-Instruct,html,OVERALL,205,6180,3.3,3.7,16.1
original,VLM-TEXT,SmolVLM2-2.2B-Instruct,markdown,table_partition,0,624,0.0,1.4,35.4
original,VLM-TEXT,SmolVLM2-2.2B-Instruct,markdown,table_first_cell,52,624,8.3,8.3,21.3
original,VLM-TEXT,SmolVLM2-2.2B-Instruct,markdown,table_last_cell,37,624,5.9,5.9,10.9
original,VLM-TEXT,SmolVLM2-2.2B-Instruct,markdown,size_detection,0,624,0.0,3.3,13.5
original,VLM-TEXT,SmolVLM2-2.2B-Instruct,markdown,number_of_rows,112,624,17.9,17.9,26.1
original,VLM-TEXT,SmolVLM2-2.2B-Instruct,markdown,number_of_columns,11,624,1.8,1.8,2.2
original,VLM-TEXT,SmolVLM2-2.2B-Instruct,markdown,cell_lookup,0,624,0.0,4.0,5.4
original,VLM-TEXT,SmolVLM2-2.2B-Instruct,markdown,reverse_lookup,28,624,4.5,4.5,4.5
original,VLM-TEXT,SmolVLM2-2.2B-Instruct,markdown,column_retrieval,26,624,4.2,4.2,6.9
original,VLM-TEXT,SmolVLM2-2.2B-Instruct,markdown,row_retrieval,0,624,0.0,1.9,24.6
original,VLM-TEXT,SmolVLM2-2.2B-Instruct,markdown,OVERALL,266,6240,4.3,5.3,15.1
original,VLM-TEXT,SmolVLM2-2.2B-Instruct,latex,table_partition,0,624,0.0,0.2,28.4
original,VLM-TEXT,SmolVLM2-2.2B-Instruct,latex,table_first_cell,3,624,0.5,0.5,30.3
original,VLM-TEXT,SmolVLM2-2.2B-Instruct,latex,table_last_cell,1,624,0.2,0.2,9.1
original,VLM-TEXT,SmolVLM2-2.2B-Instruct,latex,size_detection,0,624,0.0,0.6,19.4
original,VLM-TEXT,SmolVLM2-2.2B-Instruct,latex,number_of_rows,0,624,0.0,0.0,24.8
original,VLM-TEXT,SmolVLM2-2.2B-Instruct,latex,number_of_columns,0,624,0.0,0.0,2.1
original,VLM-TEXT,SmolVLM2-2.2B-Instruct,latex,cell_lookup,0,624,0.0,1.1,7.4
original,VLM-TEXT,SmolVLM2-2.2B-Instruct,latex,reverse_lookup,17,624,2.7,2.7,3.4
original,VLM-TEXT,SmolVLM2-2.2B-Instruct,latex,column_retrieval,16,624,2.6,2.6,17.1
original,VLM-TEXT,SmolVLM2-2.2B-Instruct,latex,row_retrieval,0,624,0.0,0.8,38.5
original,VLM-TEXT,SmolVLM2-2.2B-Instruct,latex,OVERALL,37,6240,0.6,0.9,18.1
original,VLM-TEXT,gemini-3-flash-preview,html,table_partition,583,629,92.7,96.3,97.9
original,VLM-TEXT,gemini-3-flash-preview,html,table_first_cell,612,629,97.3,97.3,97.3
original,VLM-TEXT,gemini-3-flash-preview,html,table_last_cell,566,629,90.0,89.8,89.8
original,VLM-TEXT,gemini-3-flash-preview,html,size_detection,544,629,86.5,93.1,93.3
original,VLM-TEXT,gemini-3-flash-preview,html,number_of_rows,615,629,97.8,97.8,97.8
original,VLM-TEXT,gemini-3-flash-preview,html,number_of_columns,629,629,100.0,100.0,100.0
original,VLM-TEXT,gemini-3-flash-preview,html,cell_lookup,106,629,16.9,43.5,51.7
original,VLM-TEXT,gemini-3-flash-preview,html,reverse_lookup,497,629,79.0,79.0,79.7
original,VLM-TEXT,gemini-3-flash-preview,html,column_retrieval,611,628,97.3,97.3,97.3
original,VLM-TEXT,gemini-3-flash-preview,html,row_retrieval,377,629,59.9,66.0,69.9
original,VLM-TEXT,gemini-3-flash-preview,html,OVERALL,5140,6289,81.7,86.0,87.5
original,VLM-TEXT,gemini-3-flash-preview,markdown,table_partition,559,629,88.9,95.2,96.7
original,VLM-TEXT,gemini-3-flash-preview,markdown,table_first_cell,602,629,95.7,95.7,95.7
original,VLM-TEXT,gemini-3-flash-preview,markdown,table_last_cell,560,629,89.0,89.0,89.0
original,VLM-TEXT,gemini-3-flash-preview,markdown,size_detection,477,629,75.8,87.8,88.1
original,VLM-TEXT,gemini-3-flash-preview,markdown,number_of_rows,598,629,95.1,95.1,95.1
original,VLM-TEXT,gemini-3-flash-preview,markdown,number_of_columns,629,629,100.0,100.0,100.0
original,VLM-TEXT,gemini-3-flash-preview,markdown,cell_lookup,100,629,15.9,43.2,50.1
original,VLM-TEXT,gemini-3-flash-preview,markdown,reverse_lookup,422,629,67.1,67.1,67.6
original,VLM-TEXT,gemini-3-flash-preview,markdown,column_retrieval,613,629,97.5,97.5,97.5
original,VLM-TEXT,gemini-3-flash-preview,markdown,row_retrieval,313,628,49.8,57.5,59.4
original,VLM-TEXT,gemini-3-flash-preview,markdown,OVERALL,4873,6289,77.5,82.8,83.9
original,VLM-TEXT,gemini-3-flash-preview,latex,table_partition,570,629,90.6,95.9,96.7
original,VLM-TEXT,gemini-3-flash-preview,latex,table_first_cell,611,629,97.1,97.1,97.3
original,VLM-TEXT,gemini-3-flash-preview,latex,table_last_cell,561,628,89.3,89.3,89.5
original,VLM-TEXT,gemini-3-flash-preview,latex,size_detection,56,629,8.9,54.1,55.3
original,VLM-TEXT,gemini-3-flash-preview,latex,number_of_rows,565,629,89.8,89.8,90.1
original,VLM-TEXT,gemini-3-flash-preview,latex,number_of_columns,629,629,100.0,100.0,100.0
original,VLM-TEXT,gemini-3-flash-preview,latex,cell_lookup,4,629,0.6,35.1,41.3
original,VLM-TEXT,gemini-3-flash-preview,latex,reverse_lookup,122,629,19.4,19.4,20.2
original,VLM-TEXT,gemini-3-flash-preview,latex,column_retrieval,612,628,97.5,97.5,97.5
original,VLM-TEXT,gemini-3-flash-preview,latex,row_retrieval,37,629,5.9,18.5,22.1
original,VLM-TEXT,gemini-3-flash-preview,latex,OVERALL,3767,6288,59.9,69.7,71.0
original,VLM-TEXT,gemma_3-12B-IT,html,table_partition,119,629,18.9,46.1,48.5
original,VLM-TEXT,gemma_3-12B-IT,html,table_first_cell,431,629,68.5,68.2,68.2
original,VLM-TEXT,gemma_3-12B-IT,html,table_last_cell,512,629,81.4,76.8,76.9
original,VLM-TEXT,gemma_3-12B-IT,html,size_detection,408,629,64.9,80.7,81.1
original,VLM-TEXT,gemma_3-12B-IT,html,number_of_rows,490,629,77.9,77.9,77.9
original,VLM-TEXT,gemma_3-12B-IT,html,number_of_columns,567,629,90.1,90.1,90.1
original,VLM-TEXT,gemma_3-12B-IT,html,cell_lookup,197,629,31.3,51.8,52.2
original,VLM-TEXT,gemma_3-12B-IT,html,reverse_lookup,182,629,28.9,27.8,27.8
original,VLM-TEXT,gemma_3-12B-IT,html,column_retrieval,535,629,85.1,84.9,84.9
original,VLM-TEXT,gemma_3-12B-IT,html,row_retrieval,35,629,5.6,14.4,22.5
original,VLM-TEXT,gemma_3-12B-IT,html,OVERALL,3476,6290,55.3,61.9,63.0
original,VLM-TEXT,gemma_3-12B-IT,markdown,table_partition,27,629,4.3,27.4,30.0
original,VLM-TEXT,gemma_3-12B-IT,markdown,table_first_cell,199,629,31.6,31.3,32.0
original,VLM-TEXT,gemma_3-12B-IT,markdown,table_last_cell,424,629,67.4,65.3,65.5
original,VLM-TEXT,gemma_3-12B-IT,markdown,size_detection,323,629,51.4,68.7,69.7
original,VLM-TEXT,gemma_3-12B-IT,markdown,number_of_rows,461,629,73.3,73.3,73.3
original,VLM-TEXT,gemma_3-12B-IT,markdown,number_of_columns,423,629,67.2,67.2,67.2
original,VLM-TEXT,gemma_3-12B-IT,markdown,cell_lookup,122,629,19.4,41.8,41.9
original,VLM-TEXT,gemma_3-12B-IT,markdown,reverse_lookup,130,629,20.7,19.9,20.0
original,VLM-TEXT,gemma_3-12B-IT,markdown,column_retrieval,480,629,76.3,76.3,76.5
original,VLM-TEXT,gemma_3-12B-IT,markdown,row_retrieval,16,629,2.5,8.0,21.4
original,VLM-TEXT,gemma_3-12B-IT,markdown,OVERALL,2605,6290,41.4,47.9,49.8
original,VLM-TEXT,gemma_3-12B-IT,latex,table_partition,91,629,14.5,41.0,43.9
original,VLM-TEXT,gemma_3-12B-IT,latex,table_first_cell,334,629,53.1,52.5,52.9
original,VLM-TEXT,gemma_3-12B-IT,latex,table_last_cell,481,629,76.5,72.3,72.5
original,VLM-TEXT,gemma_3-12B-IT,latex,size_detection,192,629,30.5,64.3,65.0
original,VLM-TEXT,gemma_3-12B-IT,latex,number_of_rows,224,629,35.6,35.6,35.6
original,VLM-TEXT,gemma_3-12B-IT,latex,number_of_columns,621,629,98.7,98.7,98.7
original,VLM-TEXT,gemma_3-12B-IT,latex,cell_lookup,120,629,19.1,43.0,43.0
original,VLM-TEXT,gemma_3-12B-IT,latex,reverse_lookup,116,629,18.4,17.8,18.1
original,VLM-TEXT,gemma_3-12B-IT,latex,column_retrieval,484,629,76.9,76.9,76.9
original,VLM-TEXT,gemma_3-12B-IT,latex,row_retrieval,23,629,3.7,9.0,21.6
original,VLM-TEXT,gemma_3-12B-IT,latex,OVERALL,2686,6290,42.7,51.1,52.8
original,VLM-TEXT,gemma_3-27B-IT,html,table_partition,338,629,53.7,73.7,75.4
original,VLM-TEXT,gemma_3-27B-IT,html,table_first_cell,519,629,82.5,82.5,82.5
original,VLM-TEXT,gemma_3-27B-IT,html,table_last_cell,517,629,82.2,77.7,77.7
original,VLM-TEXT,gemma_3-27B-IT,html,size_detection,454,629,72.2,85.8,85.8
original,VLM-TEXT,gemma_3-27B-IT,html,number_of_rows,464,629,73.8,73.8,73.8
original,VLM-TEXT,gemma_3-27B-IT,html,number_of_columns,617,629,98.1,98.1,98.1
original,VLM-TEXT,gemma_3-27B-IT,html,cell_lookup,283,629,45.0,63.4,64.9
original,VLM-TEXT,gemma_3-27B-IT,html,reverse_lookup,350,629,55.6,55.0,55.0
original,VLM-TEXT,gemma_3-27B-IT,html,column_retrieval,597,629,94.9,94.8,94.9
original,VLM-TEXT,gemma_3-27B-IT,html,row_retrieval,102,629,16.2,26.1,31.5
original,VLM-TEXT,gemma_3-27B-IT,html,OVERALL,4241,6290,67.4,73.1,74.0
original,VLM-TEXT,gemma_3-27B-IT,markdown,table_partition,103,629,16.4,44.2,47.1
original,VLM-TEXT,gemma_3-27B-IT,markdown,table_first_cell,285,629,45.3,45.3,45.8
original,VLM-TEXT,gemma_3-27B-IT,markdown,table_last_cell,444,629,70.6,68.5,68.7
original,VLM-TEXT,gemma_3-27B-IT,markdown,size_detection,374,629,59.5,75.3,75.7
original,VLM-TEXT,gemma_3-27B-IT,markdown,number_of_rows,524,629,83.3,83.3,83.3
original,VLM-TEXT,gemma_3-27B-IT,markdown,number_of_columns,481,629,76.5,76.5,76.5
original,VLM-TEXT,gemma_3-27B-IT,markdown,cell_lookup,255,629,40.5,59.2,60.8
original,VLM-TEXT,gemma_3-27B-IT,markdown,reverse_lookup,242,629,38.5,38.5,38.5
original,VLM-TEXT,gemma_3-27B-IT,markdown,column_retrieval,576,629,91.6,91.4,91.4
original,VLM-TEXT,gemma_3-27B-IT,markdown,row_retrieval,73,629,11.6,19.5,29.1
original,VLM-TEXT,gemma_3-27B-IT,markdown,OVERALL,3357,6290,53.4,60.2,61.7
original,VLM-TEXT,gemma_3-27B-IT,latex,table_partition,209,629,33.2,59.1,61.4
original,VLM-TEXT,gemma_3-27B-IT,latex,table_first_cell,394,629,62.6,62.6,62.6
original,VLM-TEXT,gemma_3-27B-IT,latex,table_last_cell,479,629,76.2,74.6,75.0
original,VLM-TEXT,gemma_3-27B-IT,latex,size_detection,380,629,60.4,80.0,80.0
original,VLM-TEXT,gemma_3-27B-IT,latex,number_of_rows,378,629,60.1,60.1,60.1
original,VLM-TEXT,gemma_3-27B-IT,latex,number_of_columns,626,629,99.5,99.5,99.5
original,VLM-TEXT,gemma_3-27B-IT,latex,cell_lookup,264,629,42.0,61.4,61.9
original,VLM-TEXT,gemma_3-27B-IT,latex,reverse_lookup,203,629,32.3,32.1,32.3
original,VLM-TEXT,gemma_3-27B-IT,latex,column_retrieval,560,629,89.0,89.0,89.3
original,VLM-TEXT,gemma_3-27B-IT,latex,row_retrieval,83,629,13.2,20.0,30.5
original,VLM-TEXT,gemma_3-27B-IT,latex,OVERALL,3576,6290,56.9,63.9,65.3
original,VLM-TEXT,gpt-5.2,html,table_partition,597,629,94.9,98.4,98.4
original,VLM-TEXT,gpt-5.2,html,table_first_cell,625,629,99.4,97.3,97.3
original,VLM-TEXT,gpt-5.2,html,table_last_cell,601,629,95.5,90.1,90.1
original,VLM-TEXT,gpt-5.2,html,size_detection,619,629,98.4,99.2,99.2
original,VLM-TEXT,gpt-5.2,html,number_of_rows,612,629,97.3,97.3,97.3
original,VLM-TEXT,gpt-5.2,html,number_of_columns,629,629,100.0,100.0,100.0
original,VLM-TEXT,gpt-5.2,html,cell_lookup,335,629,53.3,71.3,72.7
original,VLM-TEXT,gpt-5.2,html,reverse_lookup,541,629,86.0,83.1,83.3
original,VLM-TEXT,gpt-5.2,html,column_retrieval,596,629,94.8,94.6,94.8
original,VLM-TEXT,gpt-5.2,html,row_retrieval,531,629,84.4,89.7,90.2
original,VLM-TEXT,gpt-5.2,html,OVERALL,5686,6290,90.4,92.1,92.3
original,VLM-TEXT,gpt-5.2,markdown,table_partition,557,629,88.6,95.9,96.0
original,VLM-TEXT,gpt-5.2,markdown,table_first_cell,597,629,94.9,94.0,94.0
original,VLM-TEXT,gpt-5.2,markdown,table_last_cell,587,629,93.3,89.2,89.2
original,VLM-TEXT,gpt-5.2,markdown,size_detection,549,629,87.3,93.6,93.7
original,VLM-TEXT,gpt-5.2,markdown,number_of_rows,604,629,96.0,96.0,96.0
original,VLM-TEXT,gpt-5.2,markdown,number_of_columns,628,629,99.8,99.8,99.8
original,VLM-TEXT,gpt-5.2,markdown,cell_lookup,93,629,14.8,51.5,52.7
original,VLM-TEXT,gpt-5.2,markdown,reverse_lookup,219,629,34.8,32.8,33.2
original,VLM-TEXT,gpt-5.2,markdown,column_retrieval,605,629,96.2,96.0,96.0
original,VLM-TEXT,gpt-5.2,markdown,row_retrieval,158,629,25.1,36.7,39.2
original,VLM-TEXT,gpt-5.2,markdown,OVERALL,4597,6290,73.1,78.5,79.0
original,VLM-TEXT,gpt-5.2,latex,table_partition,569,629,90.5,96.7,97.1
original,VLM-TEXT,gpt-5.2,latex,table_first_cell,619,629,98.4,97.0,97.0
original,VLM-TEXT,gpt-5.2,latex,table_last_cell,582,629,92.5,89.5,89.7
original,VLM-TEXT,gpt-5.2,latex,size_detection,184,629,29.3,64.6,65.2
original,VLM-TEXT,gpt-5.2,latex,number_of_rows,531,629,84.4,84.4,84.4
original,VLM-TEXT,gpt-5.2,latex,number_of_columns,629,629,100.0,100.0,100.0
original,VLM-TEXT,gpt-5.2,latex,cell_lookup,44,629,7.0,47.1,49.0
original,VLM-TEXT,gpt-5.2,latex,reverse_lookup,108,629,17.2,15.3,15.7
original,VLM-TEXT,gpt-5.2,latex,column_retrieval,614,629,97.6,97.1,97.1
original,VLM-TEXT,gpt-5.2,latex,row_retrieval,22,629,3.5,16.8,19.9
original,VLM-TEXT,gpt-5.2,latex,OVERALL,3902,6290,62.0,70.9,71.5
original,VLM-TEXT,llava_1.6-vicuna-13B,html,table_partition,0,599,0.0,2.8,44.5
original,VLM-TEXT,llava_1.6-vicuna-13B,html,table_first_cell,129,600,21.5,21.5,60.7
original,VLM-TEXT,llava_1.6-vicuna-13B,html,table_last_cell,31,600,5.2,5.2,36.0
original,VLM-TEXT,llava_1.6-vicuna-13B,html,size_detection,6,600,1.0,9.2,42.8
original,VLM-TEXT,llava_1.6-vicuna-13B,html,number_of_rows,74,600,12.3,12.3,22.2
original,VLM-TEXT,llava_1.6-vicuna-13B,html,number_of_columns,187,600,31.2,31.2,33.0
original,VLM-TEXT,llava_1.6-vicuna-13B,html,cell_lookup,15,599,2.5,11.4,12.2
original,VLM-TEXT,llava_1.6-vicuna-13B,html,reverse_lookup,4,599,0.7,1.3,4.2
original,VLM-TEXT,llava_1.6-vicuna-13B,html,column_retrieval,96,599,16.0,16.0,38.6
original,VLM-TEXT,llava_1.6-vicuna-13B,html,row_retrieval,1,599,0.2,6.5,19.1
original,VLM-TEXT,llava_1.6-vicuna-13B,html,OVERALL,543,5995,9.1,11.8,31.3
original,VLM-TEXT,llava_1.6-vicuna-13B,markdown,table_partition,0,616,0.0,3.2,32.2
original,VLM-TEXT,llava_1.6-vicuna-13B,markdown,table_first_cell,77,616,12.5,12.5,33.4
original,VLM-TEXT,llava_1.6-vicuna-13B,markdown,table_last_cell,30,616,4.9,4.9,22.9
original,VLM-TEXT,llava_1.6-vicuna-13B,markdown,size_detection,0,616,0.0,8.2,26.0
original,VLM-TEXT,llava_1.6-vicuna-13B,markdown,number_of_rows,50,616,8.1,8.1,26.3
original,VLM-TEXT,llava_1.6-vicuna-13B,markdown,number_of_columns,34,616,5.5,5.5,7.5
original,VLM-TEXT,llava_1.6-vicuna-13B,markdown,cell_lookup,10,616,1.6,10.6,10.8
original,VLM-TEXT,llava_1.6-vicuna-13B,markdown,reverse_lookup,8,616,1.3,1.5,3.7
original,VLM-TEXT,llava_1.6-vicuna-13B,markdown,column_retrieval,77,616,12.5,12.5,30.2
original,VLM-TEXT,llava_1.6-vicuna-13B,markdown,row_retrieval,0,616,0.0,5.6,22.6
original,VLM-TEXT,llava_1.6-vicuna-13B,markdown,OVERALL,286,6160,4.6,7.2,21.6
original,VLM-TEXT,llava_1.6-vicuna-13B,latex,table_partition,0,619,0.0,4.0,45.2
original,VLM-TEXT,llava_1.6-vicuna-13B,latex,table_first_cell,153,619,24.7,24.7,53.0
original,VLM-TEXT,llava_1.6-vicuna-13B,latex,table_last_cell,47,619,7.6,7.6,25.5
original,VLM-TEXT,llava_1.6-vicuna-13B,latex,size_detection,2,619,0.3,14.5,40.8
original,VLM-TEXT,llava_1.6-vicuna-13B,latex,number_of_rows,6,619,1.0,1.0,30.0
original,VLM-TEXT,llava_1.6-vicuna-13B,latex,number_of_columns,10,619,1.6,1.6,2.4
original,VLM-TEXT,llava_1.6-vicuna-13B,latex,cell_lookup,14,619,2.3,12.8,12.7
original,VLM-TEXT,llava_1.6-vicuna-13B,latex,reverse_lookup,15,619,2.4,2.4,4.2
original,VLM-TEXT,llava_1.6-vicuna-13B,latex,column_retrieval,120,619,19.4,19.4,32.3
original,VLM-TEXT,llava_1.6-vicuna-13B,latex,row_retrieval,1,619,0.2,3.8,11.6
original,VLM-TEXT,llava_1.6-vicuna-13B,latex,OVERALL,368,6190,5.9,9.2,25.8
original,VLM-TEXT,llava_1.6-vicuna-7B,html,table_partition,0,599,0.0,0.0,45.4
original,VLM-TEXT,llava_1.6-vicuna-7B,html,table_first_cell,165,600,27.5,27.5,49.5
original,VLM-TEXT,llava_1.6-vicuna-7B,html,table_last_cell,16,600,2.7,2.7,5.3
original,VLM-TEXT,llava_1.6-vicuna-7B,html,size_detection,0,600,0.0,0.0,46.3
original,VLM-TEXT,llava_1.6-vicuna-7B,html,number_of_rows,0,600,0.0,0.0,34.0
original,VLM-TEXT,llava_1.6-vicuna-7B,html,number_of_columns,0,600,0.0,0.0,8.5
original,VLM-TEXT,llava_1.6-vicuna-7B,html,cell_lookup,0,599,0.0,1.1,8.7
original,VLM-TEXT,llava_1.6-vicuna-7B,html,reverse_lookup,6,599,1.0,2.0,3.3
original,VLM-TEXT,llava_1.6-vicuna-7B,html,column_retrieval,86,599,14.4,14.4,22.4
original,VLM-TEXT,llava_1.6-vicuna-7B,html,row_retrieval,0,599,0.0,2.6,53.6
original,VLM-TEXT,llava_1.6-vicuna-7B,html,OVERALL,273,5995,4.6,5.0,27.7
original,VLM-TEXT,llava_1.6-vicuna-7B,markdown,table_partition,0,616,0.0,1.1,39.4
original,VLM-TEXT,llava_1.6-vicuna-7B,markdown,table_first_cell,99,616,16.1,17.2,33.1
original,VLM-TEXT,llava_1.6-vicuna-7B,markdown,table_last_cell,18,616,2.9,2.9,6.0
original,VLM-TEXT,llava_1.6-vicuna-7B,markdown,size_detection,0,616,0.0,0.3,25.6
original,VLM-TEXT,llava_1.6-vicuna-7B,markdown,number_of_rows,11,616,1.8,1.8,29.4
original,VLM-TEXT,llava_1.6-vicuna-7B,markdown,number_of_columns,2,616,0.3,0.3,8.9
original,VLM-TEXT,llava_1.6-vicuna-7B,markdown,cell_lookup,1,616,0.2,3.5,9.8
original,VLM-TEXT,llava_1.6-vicuna-7B,markdown,reverse_lookup,4,616,0.6,1.6,3.1
original,VLM-TEXT,llava_1.6-vicuna-7B,markdown,column_retrieval,24,616,3.9,3.9,7.5
original,VLM-TEXT,llava_1.6-vicuna-7B,markdown,row_retrieval,0,616,0.0,4.6,44.7
original,VLM-TEXT,llava_1.6-vicuna-7B,markdown,OVERALL,159,6160,2.6,3.7,20.7
original,VLM-TEXT,llava_1.6-vicuna-7B,latex,table_partition,0,619,0.0,1.8,39.9
original,VLM-TEXT,llava_1.6-vicuna-7B,latex,table_first_cell,236,619,38.1,38.1,48.5
original,VLM-TEXT,llava_1.6-vicuna-7B,latex,table_last_cell,17,619,2.7,2.7,5.0
original,VLM-TEXT,llava_1.6-vicuna-7B,latex,size_detection,0,619,0.0,0.4,31.5
original,VLM-TEXT,llava_1.6-vicuna-7B,latex,number_of_rows,67,619,10.8,10.8,24.7
original,VLM-TEXT,llava_1.6-vicuna-7B,latex,number_of_columns,52,619,8.4,8.4,24.1
original,VLM-TEXT,llava_1.6-vicuna-7B,latex,cell_lookup,6,619,1.0,7.3,10.3
original,VLM-TEXT,llava_1.6-vicuna-7B,latex,reverse_lookup,5,619,0.8,1.6,2.3
original,VLM-TEXT,llava_1.6-vicuna-7B,latex,column_retrieval,84,619,13.6,13.6,15.8
original,VLM-TEXT,llava_1.6-vicuna-7B,latex,row_retrieval,0,619,0.0,3.2,36.9
original,VLM-TEXT,llava_1.6-vicuna-7B,latex,OVERALL,467,6190,7.5,8.8,23.9
original,VLM-TEXT,ministral_3-14B-Instruct,html,table_partition,126,629,20.0,48.7,66.1
original,VLM-TEXT,ministral_3-14B-Instruct,html,table_first_cell,601,629,95.5,95.5,95.9
original,VLM-TEXT,ministral_3-14B-Instruct,html,table_last_cell,360,629,57.2,56.3,57.7
original,VLM-TEXT,ministral_3-14B-Instruct,html,size_detection,141,629,22.4,60.3,61.4
original,VLM-TEXT,ministral_3-14B-Instruct,html,number_of_rows,322,629,51.2,51.2,51.2
original,VLM-TEXT,ministral_3-14B-Instruct,html,number_of_columns,623,629,99.0,99.0,99.0
original,VLM-TEXT,ministral_3-14B-Instruct,html,cell_lookup,259,629,41.2,62.3,63.6
original,VLM-TEXT,ministral_3-14B-Instruct,html,reverse_lookup,237,629,37.7,37.7,38.3
original,VLM-TEXT,ministral_3-14B-Instruct,html,column_retrieval,556,629,88.4,88.4,88.9
original,VLM-TEXT,ministral_3-14B-Instruct,html,row_retrieval,143,629,22.7,33.1,36.8
original,VLM-TEXT,ministral_3-14B-Instruct,html,OVERALL,3368,6290,53.5,63.3,65.9
original,VLM-TEXT,ministral_3-14B-Instruct,markdown,table_partition,11,629,1.7,7.8,36.8
original,VLM-TEXT,ministral_3-14B-Instruct,markdown,table_first_cell,434,629,69.0,69.0,70.3
original,VLM-TEXT,ministral_3-14B-Instruct,markdown,table_last_cell,311,629,49.4,48.8,49.8
original,VLM-TEXT,ministral_3-14B-Instruct,markdown,size_detection,41,629,6.5,30.5,47.7
original,VLM-TEXT,ministral_3-14B-Instruct,markdown,number_of_rows,281,629,44.7,44.7,44.7
original,VLM-TEXT,ministral_3-14B-Instruct,markdown,number_of_columns,503,629,80.0,80.0,80.0
original,VLM-TEXT,ministral_3-14B-Instruct,markdown,cell_lookup,150,629,23.8,46.4,46.9
original,VLM-TEXT,ministral_3-14B-Instruct,markdown,reverse_lookup,134,629,21.3,21.3,21.6
original,VLM-TEXT,ministral_3-14B-Instruct,markdown,column_retrieval,390,629,62.0,62.0,63.1
original,VLM-TEXT,ministral_3-14B-Instruct,markdown,row_retrieval,70,629,11.1,19.6,30.7
original,VLM-TEXT,ministral_3-14B-Instruct,markdown,OVERALL,2325,6290,37.0,43.0,49.1
original,VLM-TEXT,ministral_3-14B-Instruct,latex,table_partition,89,629,14.1,40.9,50.1
original,VLM-TEXT,ministral_3-14B-Instruct,latex,table_first_cell,497,629,79.0,79.0,79.8
original,VLM-TEXT,ministral_3-14B-Instruct,latex,table_last_cell,392,629,62.3,62.3,63.0
original,VLM-TEXT,ministral_3-14B-Instruct,latex,size_detection,190,629,30.2,64.5,65.2
original,VLM-TEXT,ministral_3-14B-Instruct,latex,number_of_rows,255,629,40.5,40.5,40.5
original,VLM-TEXT,ministral_3-14B-Instruct,latex,number_of_columns,625,629,99.4,99.4,99.4
original,VLM-TEXT,ministral_3-14B-Instruct,latex,cell_lookup,121,629,19.2,44.0,44.4
original,VLM-TEXT,ministral_3-14B-Instruct,latex,reverse_lookup,107,629,17.0,17.0,17.3
original,VLM-TEXT,ministral_3-14B-Instruct,latex,column_retrieval,431,629,68.5,68.5,69.2
original,VLM-TEXT,ministral_3-14B-Instruct,latex,row_retrieval,77,629,12.2,18.8,28.0
original,VLM-TEXT,ministral_3-14B-Instruct,latex,OVERALL,2784,6290,44.3,53.5,55.7
original,VLM-TEXT,table-llava-v1.5-7b-hf,html,table_partition,0,599,0.0,0.1,64.2
original,VLM-TEXT,table-llava-v1.5-7b-hf,html,table_first_cell,118,600,19.7,19.7,41.3
original,VLM-TEXT,table-llava-v1.5-7b-hf,html,table_last_cell,17,600,2.8,2.8,11.5
original,VLM-TEXT,table-llava-v1.5-7b-hf,html,size_detection,0,600,0.0,0.0,47.5
original,VLM-TEXT,table-llava-v1.5-7b-hf,html,number_of_rows,42,600,7.0,7.0,22.0
original,VLM-TEXT,table-llava-v1.5-7b-hf,html,number_of_columns,3,600,0.5,0.5,26.8
original,VLM-TEXT,table-llava-v1.5-7b-hf,html,cell_lookup,1,599,0.2,1.2,6.9
original,VLM-TEXT,table-llava-v1.5-7b-hf,html,reverse_lookup,10,599,1.7,2.3,6.2
original,VLM-TEXT,table-llava-v1.5-7b-hf,html,column_retrieval,44,599,7.3,7.3,33.1
original,VLM-TEXT,table-llava-v1.5-7b-hf,html,row_retrieval,0,599,0.0,0.3,61.2
original,VLM-TEXT,table-llava-v1.5-7b-hf,html,OVERALL,235,5995,3.9,4.1,32.1
original,VLM-TEXT,table-llava-v1.5-7b-hf,markdown,table_partition,0,616,0.0,1.3,59.4
original,VLM-TEXT,table-llava-v1.5-7b-hf,markdown,table_first_cell,131,616,21.3,21.4,29.7
original,VLM-TEXT,table-llava-v1.5-7b-hf,markdown,table_last_cell,24,616,3.9,3.9,6.8
original,VLM-TEXT,table-llava-v1.5-7b-hf,markdown,size_detection,0,616,0.0,0.0,54.7
original,VLM-TEXT,table-llava-v1.5-7b-hf,markdown,number_of_rows,151,616,24.5,24.5,32.0
original,VLM-TEXT,table-llava-v1.5-7b-hf,markdown,number_of_columns,19,616,3.1,3.1,4.7
original,VLM-TEXT,table-llava-v1.5-7b-hf,markdown,cell_lookup,0,616,0.0,2.6,5.1
original,VLM-TEXT,table-llava-v1.5-7b-hf,markdown,reverse_lookup,6,616,1.0,2.3,5.2
original,VLM-TEXT,table-llava-v1.5-7b-hf,markdown,column_retrieval,33,616,5.4,5.4,10.2
original,VLM-TEXT,table-llava-v1.5-7b-hf,markdown,row_retrieval,0,616,0.0,3.2,58.9
original,VLM-TEXT,table-llava-v1.5-7b-hf,markdown,OVERALL,364,6160,5.9,6.8,26.7
original,VLM-TEXT,table-llava-v1.5-7b-hf,latex,table_partition,0,619,0.0,0.0,58.0
original,VLM-TEXT,table-llava-v1.5-7b-hf,latex,table_first_cell,209,619,33.8,33.8,44.1
original,VLM-TEXT,table-llava-v1.5-7b-hf,latex,table_last_cell,35,619,5.7,5.7,9.9
original,VLM-TEXT,table-llava-v1.5-7b-hf,latex,size_detection,0,619,0.0,0.0,59.8
original,VLM-TEXT,table-llava-v1.5-7b-hf,latex,number_of_rows,148,619,23.9,23.9,31.7
original,VLM-TEXT,table-llava-v1.5-7b-hf,latex,number_of_columns,59,619,9.5,9.5,16.5
original,VLM-TEXT,table-llava-v1.5-7b-hf,latex,cell_lookup,3,619,0.5,3.2,4.8
original,VLM-TEXT,table-llava-v1.5-7b-hf,latex,reverse_lookup,9,619,1.5,1.9,3.9
original,VLM-TEXT,table-llava-v1.5-7b-hf,latex,column_retrieval,48,619,7.8,7.8,14.4
original,VLM-TEXT,table-llava-v1.5-7b-hf,latex,row_retrieval,0,619,0.0,0.6,61.1
original,VLM-TEXT,table-llava-v1.5-7b-hf,latex,OVERALL,511,6190,8.3,8.6,30.4
original,LLM,Qwen2.5-7B-Instruct,html,table_partition,105,629,16.7,54.8,58.2
original,LLM,Qwen2.5-7B-Instruct,html,table_first_cell,598,629,95.1,95.1,95.1
original,LLM,Qwen2.5-7B-Instruct,html,table_last_cell,363,629,57.7,57.7,58.2
original,LLM,Qwen2.5-7B-Instruct,html,size_detection,129,629,20.5,54.0,54.5
original,LLM,Qwen2.5-7B-Instruct,html,number_of_rows,329,629,52.3,52.3,52.3
original,LLM,Qwen2.5-7B-Instruct,html,number_of_columns,503,629,80.0,80.0,80.0
original,LLM,Qwen2.5-7B-Instruct,html,cell_lookup,160,629,25.4,47.8,47.8
original,LLM,Qwen2.5-7B-Instruct,html,reverse_lookup,90,629,14.3,14.3,14.3
original,LLM,Qwen2.5-7B-Instruct,html,column_retrieval,474,629,75.4,75.4,75.5
original,LLM,Qwen2.5-7B-Instruct,html,row_retrieval,36,629,5.7,15.2,24.7
original,LLM,Qwen2.5-7B-Instruct,html,OVERALL,2787,6290,44.3,54.6,56.0
original,LLM,Qwen2.5-7B-Instruct,markdown,table_partition,37,629,5.9,29.5,33.3
original,LLM,Qwen2.5-7B-Instruct,markdown,table_first_cell,350,629,55.6,55.6,55.6
original,LLM,Qwen2.5-7B-Instruct,markdown,table_last_cell,338,629,53.7,53.7,54.5
original,LLM,Qwen2.5-7B-Instruct,markdown,size_detection,95,629,15.1,39.7,43.2
original,LLM,Qwen2.5-7B-Instruct,markdown,number_of_rows,393,629,62.5,62.5,62.5
original,LLM,Qwen2.5-7B-Instruct,markdown,number_of_columns,275,629,43.7,43.7,43.7
original,LLM,Qwen2.5-7B-Instruct,markdown,cell_lookup,51,629,8.1,28.4,28.4
original,LLM,Qwen2.5-7B-Instruct,markdown,reverse_lookup,58,629,9.2,9.2,9.7
original,LLM,Qwen2.5-7B-Instruct,markdown,column_retrieval,331,629,52.6,52.6,52.8
original,LLM,Qwen2.5-7B-Instruct,markdown,row_retrieval,17,629,2.7,7.6,19.9
original,LLM,Qwen2.5-7B-Instruct,markdown,OVERALL,1945,6290,30.9,38.3,40.4
original,LLM,Qwen2.5-7B-Instruct,latex,table_partition,70,629,11.1,41.8,44.1
original,LLM,Qwen2.5-7B-Instruct,latex,table_first_cell,279,629,44.4,44.4,44.4
original,LLM,Qwen2.5-7B-Instruct,latex,table_last_cell,345,629,54.8,54.8,56.0
original,LLM,Qwen2.5-7B-Instruct,latex,size_detection,21,629,3.3,60.8,62.2
original,LLM,Qwen2.5-7B-Instruct,latex,number_of_rows,216,629,34.3,34.3,34.3
original,LLM,Qwen2.5-7B-Instruct,latex,number_of_columns,623,629,99.0,99.0,99.0
original,LLM,Qwen2.5-7B-Instruct,latex,cell_lookup,46,629,7.3,28.1,28.1
original,LLM,Qwen2.5-7B-Instruct,latex,reverse_lookup,33,629,5.2,5.2,5.2
original,LLM,Qwen2.5-7B-Instruct,latex,column_retrieval,386,629,61.4,61.4,61.7
original,LLM,Qwen2.5-7B-Instruct,latex,row_retrieval,34,629,5.4,11.5,21.0
original,LLM,Qwen2.5-7B-Instruct,latex,OVERALL,2053,6290,32.6,44.1,45.6
original,LLM,Qwen3-30B-A3B-Instruct-2507,html,table_partition,283,629,45.0,73.5,75.1
original,LLM,Qwen3-30B-A3B-Instruct-2507,html,table_first_cell,596,629,94.8,94.8,94.8
original,LLM,Qwen3-30B-A3B-Instruct-2507,html,table_last_cell,428,629,68.0,68.0,68.5
original,LLM,Qwen3-30B-A3B-Instruct-2507,html,size_detection,454,629,72.2,85.8,85.8
original,LLM,Qwen3-30B-A3B-Instruct-2507,html,number_of_rows,510,629,81.1,81.1,81.1
original,LLM,Qwen3-30B-A3B-Instruct-2507,html,number_of_columns,565,629,89.8,89.8,90.0
original,LLM,Qwen3-30B-A3B-Instruct-2507,html,cell_lookup,281,629,44.7,63.7,63.8
original,LLM,Qwen3-30B-A3B-Instruct-2507,html,reverse_lookup,157,629,25.0,25.0,25.9
original,LLM,Qwen3-30B-A3B-Instruct-2507,html,column_retrieval,517,629,82.2,82.2,82.4
original,LLM,Qwen3-30B-A3B-Instruct-2507,html,row_retrieval,30,629,4.8,13.9,20.8
original,LLM,Qwen3-30B-A3B-Instruct-2507,html,OVERALL,3821,6290,60.7,67.8,68.8
original,LLM,Qwen3-30B-A3B-Instruct-2507,markdown,table_partition,147,629,23.4,53.9,56.4
original,LLM,Qwen3-30B-A3B-Instruct-2507,markdown,table_first_cell,525,629,83.5,83.5,83.6
original,LLM,Qwen3-30B-A3B-Instruct-2507,markdown,table_last_cell,352,629,56.0,56.0,56.3
original,LLM,Qwen3-30B-A3B-Instruct-2507,markdown,size_detection,362,629,57.6,74.6,75.4
original,LLM,Qwen3-30B-A3B-Instruct-2507,markdown,number_of_rows,475,629,75.5,75.5,75.5
original,LLM,Qwen3-30B-A3B-Instruct-2507,markdown,number_of_columns,279,629,44.4,44.4,44.4
original,LLM,Qwen3-30B-A3B-Instruct-2507,markdown,cell_lookup,182,629,28.9,52.0,52.1
original,LLM,Qwen3-30B-A3B-Instruct-2507,markdown,reverse_lookup,58,629,9.2,9.2,10.5
original,LLM,Qwen3-30B-A3B-Instruct-2507,markdown,column_retrieval,399,629,63.4,63.4,63.9
original,LLM,Qwen3-30B-A3B-Instruct-2507,markdown,row_retrieval,9,629,1.4,7.8,18.0
original,LLM,Qwen3-30B-A3B-Instruct-2507,markdown,OVERALL,2788,6290,44.3,52.0,53.6
original,LLM,Qwen3-30B-A3B-Instruct-2507,latex,table_partition,161,629,25.6,61.0,63.0
original,LLM,Qwen3-30B-A3B-Instruct-2507,latex,table_first_cell,574,629,91.3,91.3,91.3
original,LLM,Qwen3-30B-A3B-Instruct-2507,latex,table_last_cell,383,629,60.9,60.9,62.0
original,LLM,Qwen3-30B-A3B-Instruct-2507,latex,size_detection,286,629,45.5,72.1,72.7
original,LLM,Qwen3-30B-A3B-Instruct-2507,latex,number_of_rows,322,629,51.2,51.2,51.2
original,LLM,Qwen3-30B-A3B-Instruct-2507,latex,number_of_columns,537,629,85.4,85.4,85.4
original,LLM,Qwen3-30B-A3B-Instruct-2507,latex,cell_lookup,178,629,28.3,49.6,49.7
original,LLM,Qwen3-30B-A3B-Instruct-2507,latex,reverse_lookup,59,629,9.4,9.4,9.5
original,LLM,Qwen3-30B-A3B-Instruct-2507,latex,column_retrieval,421,629,66.9,66.9,67.2
original,LLM,Qwen3-30B-A3B-Instruct-2507,latex,row_retrieval,14,629,2.2,8.9,17.8
original,LLM,Qwen3-30B-A3B-Instruct-2507,latex,OVERALL,2935,6290,46.7,55.7,57.0
original,LLM,TAMA-QWen3,html,table_partition,45,629,7.2,8.2,74.7
original,LLM,TAMA-QWen3,html,table_first_cell,305,629,48.5,48.5,84.6
original,LLM,TAMA-QWen3,html,table_last_cell,31,629,4.9,4.9,38.2
original,LLM,TAMA-QWen3,html,size_detection,43,629,6.8,6.9,47.9
original,LLM,TAMA-QWen3,html,number_of_rows,95,629,15.1,15.1,47.9
original,LLM,TAMA-QWen3,html,number_of_columns,278,629,44.2,44.2,58.7
original,LLM,TAMA-QWen3,html,cell_lookup,40,629,6.4,6.7,54.4
original,LLM,TAMA-QWen3,html,reverse_lookup,59,629,9.4,9.4,29.3
original,LLM,TAMA-QWen3,html,column_retrieval,541,629,86.0,86.0,95.9
original,LLM,TAMA-QWen3,html,row_retrieval,4,629,0.6,1.1,26.5
original,LLM,TAMA-QWen3,html,OVERALL,1441,6290,22.9,23.1,55.8
original,LLM,TAMA-QWen3,markdown,table_partition,29,629,4.6,6.0,70.3
original,LLM,TAMA-QWen3,markdown,table_first_cell,239,629,38.0,38.0,82.2
original,LLM,TAMA-QWen3,markdown,table_last_cell,38,629,6.0,6.0,49.1
original,LLM,TAMA-QWen3,markdown,size_detection,0,629,0.0,0.1,39.7
original,LLM,TAMA-QWen3,markdown,number_of_rows,20,629,3.2,3.2,39.4
original,LLM,TAMA-QWen3,markdown,number_of_columns,341,629,54.2,54.2,64.7
original,LLM,TAMA-QWen3,markdown,cell_lookup,11,629,1.7,2.1,46.3
original,LLM,TAMA-QWen3,markdown,reverse_lookup,22,629,3.5,3.5,24.5
original,LLM,TAMA-QWen3,markdown,column_retrieval,526,629,83.6,83.6,95.5
original,LLM,TAMA-QWen3,markdown,row_retrieval,2,629,0.3,2.2,27.3
original,LLM,TAMA-QWen3,markdown,OVERALL,1228,6290,19.5,19.9,53.9
original,LLM,TAMA-QWen3,latex,table_partition,76,629,12.1,13.4,79.1
original,LLM,TAMA-QWen3,latex,table_first_cell,221,629,35.1,35.1,91.6
original,LLM,TAMA-QWen3,latex,table_last_cell,100,629,15.9,15.9,56.6
original,LLM,TAMA-QWen3,latex,size_detection,0,629,0.0,0.0,43.2
original,LLM,TAMA-QWen3,latex,number_of_rows,0,629,0.0,0.0,19.7
original,LLM,TAMA-QWen3,latex,number_of_columns,321,629,51.0,51.0,63.6
original,LLM,TAMA-QWen3,latex,cell_lookup,13,629,2.1,2.7,45.0
original,LLM,TAMA-QWen3,latex,reverse_lookup,13,629,2.1,2.1,25.6
original,LLM,TAMA-QWen3,latex,column_retrieval,373,629,59.3,59.3,95.4
original,LLM,TAMA-QWen3,latex,row_retrieval,1,629,0.2,1.0,30.2
original,LLM,TAMA-QWen3,latex,OVERALL,1118,6290,17.8,18.1,55.0
original,LLM,TableGPT2-7B,html,table_partition,131,629,20.8,55.1,58.1
original,LLM,TableGPT2-7B,html,table_first_cell,592,629,94.1,94.1,94.1
original,LLM,TableGPT2-7B,html,table_last_cell,430,629,68.4,68.4,68.7
original,LLM,TableGPT2-7B,html,size_detection,195,629,31.0,63.4,63.7
original,LLM,TableGPT2-7B,html,number_of_rows,308,629,49.0,49.0,49.0
original,LLM,TableGPT2-7B,html,number_of_columns,495,629,78.7,78.7,78.7
original,LLM,TableGPT2-7B,html,cell_lookup,85,629,13.5,35.8,35.6
original,LLM,TableGPT2-7B,html,reverse_lookup,81,629,12.9,12.9,13.2
original,LLM,TableGPT2-7B,html,column_retrieval,420,629,66.8,66.8,66.9
original,LLM,TableGPT2-7B,html,row_retrieval,20,629,3.2,6.9,21.5
original,LLM,TableGPT2-7B,html,OVERALL,2757,6290,43.8,53.1,54.9
original,LLM,TableGPT2-7B,markdown,table_partition,31,629,4.9,30.9,33.4
original,LLM,TableGPT2-7B,markdown,table_first_cell,423,629,67.2,67.2,67.2
original,LLM,TableGPT2-7B,markdown,table_last_cell,365,629,58.0,58.0,58.7
original,LLM,TableGPT2-7B,markdown,size_detection,245,629,39.0,62.0,63.6
original,LLM,TableGPT2-7B,markdown,number_of_rows,416,629,66.1,66.1,67.6
original,LLM,TableGPT2-7B,markdown,number_of_columns,239,629,38.0,38.0,51.0
original,LLM,TableGPT2-7B,markdown,cell_lookup,42,629,6.7,25.3,25.6
original,LLM,TableGPT2-7B,markdown,reverse_lookup,58,629,9.2,9.2,9.7
original,LLM,TableGPT2-7B,markdown,column_retrieval,308,629,49.0,49.0,49.3
original,LLM,TableGPT2-7B,markdown,row_retrieval,6,629,1.0,3.3,23.3
original,LLM,TableGPT2-7B,markdown,OVERALL,2133,6290,33.9,40.9,44.9
original,LLM,TableGPT2-7B,latex,table_partition,114,629,18.1,54.0,56.8
original,LLM,TableGPT2-7B,latex,table_first_cell,564,629,89.7,89.7,89.7
original,LLM,TableGPT2-7B,latex,table_last_cell,434,629,69.0,69.0,71.2
original,LLM,TableGPT2-7B,latex,size_detection,105,629,16.7,67.4,68.0
original,LLM,TableGPT2-7B,latex,number_of_rows,244,629,38.8,38.8,40.5
original,LLM,TableGPT2-7B,latex,number_of_columns,621,629,98.7,98.7,99.2
original,LLM,TableGPT2-7B,latex,cell_lookup,39,629,6.2,25.5,25.5
original,LLM,TableGPT2-7B,latex,reverse_lookup,45,629,7.2,7.2,7.3
original,LLM,TableGPT2-7B,latex,column_retrieval,361,629,57.4,57.4,57.6
original,LLM,TableGPT2-7B,latex,row_retrieval,26,629,4.1,9.8,26.6
original,LLM,TableGPT2-7B,latex,OVERALL,2553,6290,40.6,51.7,54.2
