pipeline,model,format,task,correct,total,accuracy_pct
VLM,InternVL3.5-14B,html,table_partition,222,629,35.3
VLM,InternVL3.5-14B,html,table_first_cell,546,629,86.8
VLM,InternVL3.5-14B,html,table_last_cell,430,629,68.4
VLM,InternVL3.5-14B,html,size_detection,140,629,22.3
VLM,InternVL3.5-14B,html,number_of_rows,348,629,55.3
VLM,InternVL3.5-14B,html,number_of_columns,565,629,89.8
VLM,InternVL3.5-14B,html,cell_lookup,98,629,15.6
VLM,InternVL3.5-14B,html,reverse_lookup,99,629,15.7
VLM,InternVL3.5-14B,html,column_retrieval,532,629,84.6
VLM,InternVL3.5-14B,html,row_retrieval,26,629,4.1
VLM,InternVL3.5-14B,html,OVERALL,3006,6290,47.8
VLM,InternVL3.5-14B,markdown,table_partition,199,629,31.6
VLM,InternVL3.5-14B,markdown,table_first_cell,522,629,83.0
VLM,InternVL3.5-14B,markdown,table_last_cell,411,629,65.3
VLM,InternVL3.5-14B,markdown,size_detection,203,629,32.3
VLM,InternVL3.5-14B,markdown,number_of_rows,321,629,51.0
VLM,InternVL3.5-14B,markdown,number_of_columns,545,629,86.6
VLM,InternVL3.5-14B,markdown,cell_lookup,128,629,20.3
VLM,InternVL3.5-14B,markdown,reverse_lookup,148,629,23.5
VLM,InternVL3.5-14B,markdown,column_retrieval,559,629,88.9
VLM,InternVL3.5-14B,markdown,row_retrieval,34,629,5.4
VLM,InternVL3.5-14B,markdown,OVERALL,3070,6290,48.8
VLM,InternVL3.5-14B,latex,table_partition,239,629,38.0
VLM,InternVL3.5-14B,latex,table_first_cell,557,629,88.6
VLM,InternVL3.5-14B,latex,table_last_cell,452,629,71.9
VLM,InternVL3.5-14B,latex,size_detection,103,629,16.4
VLM,InternVL3.5-14B,latex,number_of_rows,180,629,28.6
VLM,InternVL3.5-14B,latex,number_of_columns,523,629,83.1
VLM,InternVL3.5-14B,latex,cell_lookup,119,629,18.9
VLM,InternVL3.5-14B,latex,reverse_lookup,143,629,22.7
VLM,InternVL3.5-14B,latex,column_retrieval,567,629,90.1
VLM,InternVL3.5-14B,latex,row_retrieval,40,629,6.4
VLM,InternVL3.5-14B,latex,OVERALL,2923,6290,46.5
VLM,InternVL3.5-30B-A3B,html,table_partition,0,629,0.0
VLM,InternVL3.5-30B-A3B,html,table_first_cell,559,629,88.9
VLM,InternVL3.5-30B-A3B,html,table_last_cell,497,629,79.0
VLM,InternVL3.5-30B-A3B,html,size_detection,55,629,8.7
VLM,InternVL3.5-30B-A3B,html,number_of_rows,251,629,39.9
VLM,InternVL3.5-30B-A3B,html,number_of_columns,557,629,88.6
VLM,InternVL3.5-30B-A3B,html,cell_lookup,112,629,17.8
VLM,InternVL3.5-30B-A3B,html,reverse_lookup,58,629,9.2
VLM,InternVL3.5-30B-A3B,html,column_retrieval,338,629,53.7
VLM,InternVL3.5-30B-A3B,html,row_retrieval,14,629,2.2
VLM,InternVL3.5-30B-A3B,html,OVERALL,2441,6290,38.8
VLM,InternVL3.5-30B-A3B,markdown,table_partition,0,629,0.0
VLM,InternVL3.5-30B-A3B,markdown,table_first_cell,534,629,84.9
VLM,InternVL3.5-30B-A3B,markdown,table_last_cell,481,629,76.5
VLM,InternVL3.5-30B-A3B,markdown,size_detection,158,629,25.1
VLM,InternVL3.5-30B-A3B,markdown,number_of_rows,353,629,56.1
VLM,InternVL3.5-30B-A3B,markdown,number_of_columns,538,629,85.5
VLM,InternVL3.5-30B-A3B,markdown,cell_lookup,154,629,24.5
VLM,InternVL3.5-30B-A3B,markdown,reverse_lookup,82,629,13.0
VLM,InternVL3.5-30B-A3B,markdown,column_retrieval,408,629,64.9
VLM,InternVL3.5-30B-A3B,markdown,row_retrieval,28,629,4.5
VLM,InternVL3.5-30B-A3B,markdown,OVERALL,2736,6290,43.5
VLM,InternVL3.5-30B-A3B,latex,table_partition,0,629,0.0
VLM,InternVL3.5-30B-A3B,latex,table_first_cell,561,629,89.2
VLM,InternVL3.5-30B-A3B,latex,table_last_cell,507,629,80.6
VLM,InternVL3.5-30B-A3B,latex,size_detection,79,629,12.6
VLM,InternVL3.5-30B-A3B,latex,number_of_rows,280,629,44.5
VLM,InternVL3.5-30B-A3B,latex,number_of_columns,525,629,83.5
VLM,InternVL3.5-30B-A3B,latex,cell_lookup,135,629,21.5
VLM,InternVL3.5-30B-A3B,latex,reverse_lookup,100,629,15.9
VLM,InternVL3.5-30B-A3B,latex,column_retrieval,439,629,69.8
VLM,InternVL3.5-30B-A3B,latex,row_retrieval,25,629,4.0
VLM,InternVL3.5-30B-A3B,latex,OVERALL,2651,6290,42.1
VLM,Qwen3-VL-30B-A3B-Instruct,html,table_partition,316,629,50.2
VLM,Qwen3-VL-30B-A3B-Instruct,html,table_first_cell,582,629,92.5
VLM,Qwen3-VL-30B-A3B-Instruct,html,table_last_cell,536,629,85.2
VLM,Qwen3-VL-30B-A3B-Instruct,html,size_detection,207,629,32.9
VLM,Qwen3-VL-30B-A3B-Instruct,html,number_of_rows,278,629,44.2
VLM,Qwen3-VL-30B-A3B-Instruct,html,number_of_columns,578,629,91.9
VLM,Qwen3-VL-30B-A3B-Instruct,html,cell_lookup,133,629,21.1
VLM,Qwen3-VL-30B-A3B-Instruct,html,reverse_lookup,153,629,24.3
VLM,Qwen3-VL-30B-A3B-Instruct,html,column_retrieval,447,629,71.1
VLM,Qwen3-VL-30B-A3B-Instruct,html,row_retrieval,1,629,0.2
VLM,Qwen3-VL-30B-A3B-Instruct,html,OVERALL,3231,6290,51.4
VLM,Qwen3-VL-30B-A3B-Instruct,markdown,table_partition,252,629,40.1
VLM,Qwen3-VL-30B-A3B-Instruct,markdown,table_first_cell,553,629,87.9
VLM,Qwen3-VL-30B-A3B-Instruct,markdown,table_last_cell,495,629,78.7
VLM,Qwen3-VL-30B-A3B-Instruct,markdown,size_detection,201,629,32.0
VLM,Qwen3-VL-30B-A3B-Instruct,markdown,number_of_rows,262,629,41.7
VLM,Qwen3-VL-30B-A3B-Instruct,markdown,number_of_columns,550,629,87.4
VLM,Qwen3-VL-30B-A3B-Instruct,markdown,cell_lookup,136,629,21.6
VLM,Qwen3-VL-30B-A3B-Instruct,markdown,reverse_lookup,158,629,25.1
VLM,Qwen3-VL-30B-A3B-Instruct,markdown,column_retrieval,559,629,88.9
VLM,Qwen3-VL-30B-A3B-Instruct,markdown,row_retrieval,7,629,1.1
VLM,Qwen3-VL-30B-A3B-Instruct,markdown,OVERALL,3173,6290,50.4
VLM,Qwen3-VL-30B-A3B-Instruct,latex,table_partition,287,629,45.6
VLM,Qwen3-VL-30B-A3B-Instruct,latex,table_first_cell,583,629,92.7
VLM,Qwen3-VL-30B-A3B-Instruct,latex,table_last_cell,517,629,82.2
VLM,Qwen3-VL-30B-A3B-Instruct,latex,size_detection,215,629,34.2
VLM,Qwen3-VL-30B-A3B-Instruct,latex,number_of_rows,253,629,40.2
VLM,Qwen3-VL-30B-A3B-Instruct,latex,number_of_columns,550,629,87.4
VLM,Qwen3-VL-30B-A3B-Instruct,latex,cell_lookup,140,629,22.3
VLM,Qwen3-VL-30B-A3B-Instruct,latex,reverse_lookup,172,629,27.3
VLM,Qwen3-VL-30B-A3B-Instruct,latex,column_retrieval,527,629,83.8
VLM,Qwen3-VL-30B-A3B-Instruct,latex,row_retrieval,25,629,4.0
VLM,Qwen3-VL-30B-A3B-Instruct,latex,OVERALL,3269,6290,52.0
VLM,Qwen3-VL-8B-Instruct,html,table_partition,150,629,23.8
VLM,Qwen3-VL-8B-Instruct,html,table_first_cell,587,629,93.3
VLM,Qwen3-VL-8B-Instruct,html,table_last_cell,509,629,80.9
VLM,Qwen3-VL-8B-Instruct,html,size_detection,51,629,8.1
VLM,Qwen3-VL-8B-Instruct,html,number_of_rows,161,629,25.6
VLM,Qwen3-VL-8B-Instruct,html,number_of_columns,562,629,89.3
VLM,Qwen3-VL-8B-Instruct,html,cell_lookup,170,629,27.0
VLM,Qwen3-VL-8B-Instruct,html,reverse_lookup,167,629,26.6
VLM,Qwen3-VL-8B-Instruct,html,column_retrieval,567,629,90.1
VLM,Qwen3-VL-8B-Instruct,html,row_retrieval,6,629,1.0
VLM,Qwen3-VL-8B-Instruct,html,OVERALL,2930,6290,46.6
VLM,Qwen3-VL-8B-Instruct,markdown,table_partition,155,629,24.6
VLM,Qwen3-VL-8B-Instruct,markdown,table_first_cell,552,629,87.8
VLM,Qwen3-VL-8B-Instruct,markdown,table_last_cell,493,629,78.4
VLM,Qwen3-VL-8B-Instruct,markdown,size_detection,92,629,14.6
VLM,Qwen3-VL-8B-Instruct,markdown,number_of_rows,200,629,31.8
VLM,Qwen3-VL-8B-Instruct,markdown,number_of_columns,567,629,90.1
VLM,Qwen3-VL-8B-Instruct,markdown,cell_lookup,176,629,28.0
VLM,Qwen3-VL-8B-Instruct,markdown,reverse_lookup,215,629,34.2
VLM,Qwen3-VL-8B-Instruct,markdown,column_retrieval,565,629,89.8
VLM,Qwen3-VL-8B-Instruct,markdown,row_retrieval,14,629,2.2
VLM,Qwen3-VL-8B-Instruct,markdown,OVERALL,3029,6290,48.2
VLM,Qwen3-VL-8B-Instruct,latex,table_partition,131,629,20.8
VLM,Qwen3-VL-8B-Instruct,latex,table_first_cell,586,629,93.2
VLM,Qwen3-VL-8B-Instruct,latex,table_last_cell,496,629,78.9
VLM,Qwen3-VL-8B-Instruct,latex,size_detection,90,629,14.3
VLM,Qwen3-VL-8B-Instruct,latex,number_of_rows,227,629,36.1
VLM,Qwen3-VL-8B-Instruct,latex,number_of_columns,558,629,88.7
VLM,Qwen3-VL-8B-Instruct,latex,cell_lookup,204,629,32.4
VLM,Qwen3-VL-8B-Instruct,latex,reverse_lookup,189,629,30.0
VLM,Qwen3-VL-8B-Instruct,latex,column_retrieval,563,629,89.5
VLM,Qwen3-VL-8B-Instruct,latex,row_retrieval,19,629,3.0
VLM,Qwen3-VL-8B-Instruct,latex,OVERALL,3063,6290,48.7
VLM,SmolVLM2-2.2B-Instruct,html,table_partition,1,629,0.2
VLM,SmolVLM2-2.2B-Instruct,html,table_first_cell,306,629,48.6
VLM,SmolVLM2-2.2B-Instruct,html,table_last_cell,199,629,31.6
VLM,SmolVLM2-2.2B-Instruct,html,size_detection,13,629,2.1
VLM,SmolVLM2-2.2B-Instruct,html,number_of_rows,169,629,26.9
VLM,SmolVLM2-2.2B-Instruct,html,number_of_columns,56,629,8.9
VLM,SmolVLM2-2.2B-Instruct,html,cell_lookup,7,629,1.1
VLM,SmolVLM2-2.2B-Instruct,html,reverse_lookup,39,629,6.2
VLM,SmolVLM2-2.2B-Instruct,html,column_retrieval,220,629,35.0
VLM,SmolVLM2-2.2B-Instruct,html,row_retrieval,0,629,0.0
VLM,SmolVLM2-2.2B-Instruct,html,OVERALL,1010,6290,16.1
VLM,SmolVLM2-2.2B-Instruct,markdown,table_partition,0,629,0.0
VLM,SmolVLM2-2.2B-Instruct,markdown,table_first_cell,123,629,19.6
VLM,SmolVLM2-2.2B-Instruct,markdown,table_last_cell,107,629,17.0
VLM,SmolVLM2-2.2B-Instruct,markdown,size_detection,3,629,0.5
VLM,SmolVLM2-2.2B-Instruct,markdown,number_of_rows,17,629,2.7
VLM,SmolVLM2-2.2B-Instruct,markdown,number_of_columns,4,629,0.6
VLM,SmolVLM2-2.2B-Instruct,markdown,cell_lookup,3,629,0.5
VLM,SmolVLM2-2.2B-Instruct,markdown,reverse_lookup,39,629,6.2
VLM,SmolVLM2-2.2B-Instruct,markdown,column_retrieval,35,629,5.6
VLM,SmolVLM2-2.2B-Instruct,markdown,row_retrieval,0,629,0.0
VLM,SmolVLM2-2.2B-Instruct,markdown,OVERALL,331,6290,5.3
VLM,SmolVLM2-2.2B-Instruct,latex,table_partition,0,629,0.0
VLM,SmolVLM2-2.2B-Instruct,latex,table_first_cell,311,629,49.4
VLM,SmolVLM2-2.2B-Instruct,latex,table_last_cell,217,629,34.5
VLM,SmolVLM2-2.2B-Instruct,latex,size_detection,1,629,0.2
VLM,SmolVLM2-2.2B-Instruct,latex,number_of_rows,119,629,18.9
VLM,SmolVLM2-2.2B-Instruct,latex,number_of_columns,53,629,8.4
VLM,SmolVLM2-2.2B-Instruct,latex,cell_lookup,7,629,1.1
VLM,SmolVLM2-2.2B-Instruct,latex,reverse_lookup,44,629,7.0
VLM,SmolVLM2-2.2B-Instruct,latex,column_retrieval,191,629,30.4
VLM,SmolVLM2-2.2B-Instruct,latex,row_retrieval,0,629,0.0
VLM,SmolVLM2-2.2B-Instruct,latex,OVERALL,943,6290,15.0
VLM,gemini-3-flash-preview,html,table_partition,576,628,91.7
VLM,gemini-3-flash-preview,html,table_first_cell,610,629,97.0
VLM,gemini-3-flash-preview,html,table_last_cell,557,628,88.7
VLM,gemini-3-flash-preview,html,size_detection,1,629,0.2
VLM,gemini-3-flash-preview,html,number_of_rows,3,629,0.5
VLM,gemini-3-flash-preview,html,number_of_columns,597,629,94.9
VLM,gemini-3-flash-preview,html,cell_lookup,4,629,0.6
VLM,gemini-3-flash-preview,html,reverse_lookup,93,629,14.8
VLM,gemini-3-flash-preview,html,column_retrieval,593,628,94.4
VLM,gemini-3-flash-preview,html,row_retrieval,2,629,0.3
VLM,gemini-3-flash-preview,html,OVERALL,3036,6287,48.3
VLM,gemini-3-flash-preview,markdown,table_partition,552,628,87.9
VLM,gemini-3-flash-preview,markdown,table_first_cell,596,629,94.8
VLM,gemini-3-flash-preview,markdown,table_last_cell,551,628,87.7
VLM,gemini-3-flash-preview,markdown,size_detection,1,629,0.2
VLM,gemini-3-flash-preview,markdown,number_of_rows,12,629,1.9
VLM,gemini-3-flash-preview,markdown,number_of_columns,627,629,99.7
VLM,gemini-3-flash-preview,markdown,cell_lookup,8,629,1.3
VLM,gemini-3-flash-preview,markdown,reverse_lookup,94,629,14.9
VLM,gemini-3-flash-preview,markdown,column_retrieval,611,628,97.3
VLM,gemini-3-flash-preview,markdown,row_retrieval,2,629,0.3
VLM,gemini-3-flash-preview,markdown,OVERALL,3054,6287,48.6
VLM,gemini-3-flash-preview,latex,table_partition,541,628,86.1
VLM,gemini-3-flash-preview,latex,table_first_cell,596,629,94.8
VLM,gemini-3-flash-preview,latex,table_last_cell,549,628,87.4
VLM,gemini-3-flash-preview,latex,size_detection,0,629,0.0
VLM,gemini-3-flash-preview,latex,number_of_rows,41,629,6.5
VLM,gemini-3-flash-preview,latex,number_of_columns,624,629,99.2
VLM,gemini-3-flash-preview,latex,cell_lookup,10,629,1.6
VLM,gemini-3-flash-preview,latex,reverse_lookup,95,629,15.1
VLM,gemini-3-flash-preview,latex,column_retrieval,602,629,95.7
VLM,gemini-3-flash-preview,latex,row_retrieval,5,628,0.8
VLM,gemini-3-flash-preview,latex,OVERALL,3063,6287,48.7
VLM,gemma_3-12B-IT,html,table_partition,65,629,10.3
VLM,gemma_3-12B-IT,html,table_first_cell,236,629,37.5
VLM,gemma_3-12B-IT,html,table_last_cell,288,629,45.8
VLM,gemma_3-12B-IT,html,size_detection,86,629,13.7
VLM,gemma_3-12B-IT,html,number_of_rows,189,629,30.0
VLM,gemma_3-12B-IT,html,number_of_columns,220,629,35.0
VLM,gemma_3-12B-IT,html,cell_lookup,65,629,10.3
VLM,gemma_3-12B-IT,html,reverse_lookup,91,629,14.5
VLM,gemma_3-12B-IT,html,column_retrieval,354,629,56.3
VLM,gemma_3-12B-IT,html,row_retrieval,18,629,2.9
VLM,gemma_3-12B-IT,html,OVERALL,1612,6290,25.6
VLM,gemma_3-12B-IT,markdown,table_partition,67,629,10.7
VLM,gemma_3-12B-IT,markdown,table_first_cell,252,629,40.1
VLM,gemma_3-12B-IT,markdown,table_last_cell,294,629,46.7
VLM,gemma_3-12B-IT,markdown,size_detection,114,629,18.1
VLM,gemma_3-12B-IT,markdown,number_of_rows,206,629,32.8
VLM,gemma_3-12B-IT,markdown,number_of_columns,264,629,42.0
VLM,gemma_3-12B-IT,markdown,cell_lookup,89,629,14.1
VLM,gemma_3-12B-IT,markdown,reverse_lookup,97,629,15.4
VLM,gemma_3-12B-IT,markdown,column_retrieval,420,629,66.8
VLM,gemma_3-12B-IT,markdown,row_retrieval,15,629,2.4
VLM,gemma_3-12B-IT,markdown,OVERALL,1818,6290,28.9
VLM,gemma_3-12B-IT,latex,table_partition,87,629,13.8
VLM,gemma_3-12B-IT,latex,table_first_cell,259,629,41.2
VLM,gemma_3-12B-IT,latex,table_last_cell,303,629,48.2
VLM,gemma_3-12B-IT,latex,size_detection,85,629,13.5
VLM,gemma_3-12B-IT,latex,number_of_rows,190,629,30.2
VLM,gemma_3-12B-IT,latex,number_of_columns,234,629,37.2
VLM,gemma_3-12B-IT,latex,cell_lookup,69,629,11.0
VLM,gemma_3-12B-IT,latex,reverse_lookup,95,629,15.1
VLM,gemma_3-12B-IT,latex,column_retrieval,395,629,62.8
VLM,gemma_3-12B-IT,latex,row_retrieval,19,629,3.0
VLM,gemma_3-12B-IT,latex,OVERALL,1736,6290,27.6
VLM,gemma_3-27B-IT,html,table_partition,186,629,29.6
VLM,gemma_3-27B-IT,html,table_first_cell,402,629,63.9
VLM,gemma_3-27B-IT,html,table_last_cell,329,629,52.3
VLM,gemma_3-27B-IT,html,size_detection,132,629,21.0
VLM,gemma_3-27B-IT,html,number_of_rows,251,629,39.9
VLM,gemma_3-27B-IT,html,number_of_columns,315,629,50.1
VLM,gemma_3-27B-IT,html,cell_lookup,142,629,22.6
VLM,gemma_3-27B-IT,html,reverse_lookup,205,629,32.6
VLM,gemma_3-27B-IT,html,column_retrieval,446,629,70.9
VLM,gemma_3-27B-IT,html,row_retrieval,66,629,10.5
VLM,gemma_3-27B-IT,html,OVERALL,2474,6290,39.3
VLM,gemma_3-27B-IT,markdown,table_partition,190,629,30.2
VLM,gemma_3-27B-IT,markdown,table_first_cell,371,629,59.0
VLM,gemma_3-27B-IT,markdown,table_last_cell,324,629,51.5
VLM,gemma_3-27B-IT,markdown,size_detection,172,629,27.3
VLM,gemma_3-27B-IT,markdown,number_of_rows,279,629,44.4
VLM,gemma_3-27B-IT,markdown,number_of_columns,351,629,55.8
VLM,gemma_3-27B-IT,markdown,cell_lookup,152,629,24.2
VLM,gemma_3-27B-IT,markdown,reverse_lookup,212,629,33.7
VLM,gemma_3-27B-IT,markdown,column_retrieval,467,629,74.2
VLM,gemma_3-27B-IT,markdown,row_retrieval,71,629,11.3
VLM,gemma_3-27B-IT,markdown,OVERALL,2589,6290,41.2
VLM,gemma_3-27B-IT,latex,table_partition,178,629,28.3
VLM,gemma_3-27B-IT,latex,table_first_cell,375,629,59.6
VLM,gemma_3-27B-IT,latex,table_last_cell,327,629,52.0
VLM,gemma_3-27B-IT,latex,size_detection,148,629,23.5
VLM,gemma_3-27B-IT,latex,number_of_rows,250,629,39.7
VLM,gemma_3-27B-IT,latex,number_of_columns,316,629,50.2
VLM,gemma_3-27B-IT,latex,cell_lookup,143,629,22.7
VLM,gemma_3-27B-IT,latex,reverse_lookup,205,629,32.6
VLM,gemma_3-27B-IT,latex,column_retrieval,442,629,70.3
VLM,gemma_3-27B-IT,latex,row_retrieval,57,629,9.1
VLM,gemma_3-27B-IT,latex,OVERALL,2441,6290,38.8
VLM,gpt-5.2,html,table_partition,585,629,93.0
VLM,gpt-5.2,html,table_first_cell,611,629,97.1
VLM,gpt-5.2,html,table_last_cell,597,629,94.9
VLM,gpt-5.2,html,size_detection,207,629,32.9
VLM,gpt-5.2,html,number_of_rows,493,629,78.4
VLM,gpt-5.2,html,number_of_columns,617,629,98.1
VLM,gpt-5.2,html,cell_lookup,17,629,2.7
VLM,gpt-5.2,html,reverse_lookup,99,629,15.7
VLM,gpt-5.2,html,column_retrieval,599,629,95.2
VLM,gpt-5.2,html,row_retrieval,11,629,1.7
VLM,gpt-5.2,html,OVERALL,3836,6290,61.0
VLM,gpt-5.2,markdown,table_partition,550,629,87.4
VLM,gpt-5.2,markdown,table_first_cell,589,629,93.6
VLM,gpt-5.2,markdown,table_last_cell,576,629,91.6
VLM,gpt-5.2,markdown,size_detection,505,629,80.3
VLM,gpt-5.2,markdown,number_of_rows,574,629,91.3
VLM,gpt-5.2,markdown,number_of_columns,622,629,98.9
VLM,gpt-5.2,markdown,cell_lookup,19,629,3.0
VLM,gpt-5.2,markdown,reverse_lookup,131,629,20.8
VLM,gpt-5.2,markdown,column_retrieval,604,629,96.0
VLM,gpt-5.2,markdown,row_retrieval,32,629,5.1
VLM,gpt-5.2,markdown,OVERALL,4202,6290,66.8
VLM,gpt-5.2,latex,table_partition,537,629,85.4
VLM,gpt-5.2,latex,table_first_cell,587,629,93.3
VLM,gpt-5.2,latex,table_last_cell,554,629,88.1
VLM,gpt-5.2,latex,size_detection,363,629,57.7
VLM,gpt-5.2,latex,number_of_rows,539,629,85.7
VLM,gpt-5.2,latex,number_of_columns,607,629,96.5
VLM,gpt-5.2,latex,cell_lookup,22,629,3.5
VLM,gpt-5.2,latex,reverse_lookup,121,629,19.2
VLM,gpt-5.2,latex,column_retrieval,588,629,93.5
VLM,gpt-5.2,latex,row_retrieval,16,629,2.5
VLM,gpt-5.2,latex,OVERALL,3934,6290,62.5
VLM,llava_1.6-vicuna-13B,html,table_partition,1,629,0.2
VLM,llava_1.6-vicuna-13B,html,table_first_cell,198,629,31.5
VLM,llava_1.6-vicuna-13B,html,table_last_cell,173,629,27.5
VLM,llava_1.6-vicuna-13B,html,size_detection,28,629,4.5
VLM,llava_1.6-vicuna-13B,html,number_of_rows,122,629,19.4
VLM,llava_1.6-vicuna-13B,html,number_of_columns,176,629,28.0
VLM,llava_1.6-vicuna-13B,html,cell_lookup,9,629,1.4
VLM,llava_1.6-vicuna-13B,html,reverse_lookup,40,629,6.4
VLM,llava_1.6-vicuna-13B,html,column_retrieval,236,629,37.5
VLM,llava_1.6-vicuna-13B,html,row_retrieval,0,629,0.0
VLM,llava_1.6-vicuna-13B,html,OVERALL,983,6290,15.6
VLM,llava_1.6-vicuna-13B,markdown,table_partition,3,629,0.5
VLM,llava_1.6-vicuna-13B,markdown,table_first_cell,224,629,35.6
VLM,llava_1.6-vicuna-13B,markdown,table_last_cell,199,629,31.6
VLM,llava_1.6-vicuna-13B,markdown,size_detection,27,629,4.3
VLM,llava_1.6-vicuna-13B,markdown,number_of_rows,120,629,19.1
VLM,llava_1.6-vicuna-13B,markdown,number_of_columns,142,629,22.6
VLM,llava_1.6-vicuna-13B,markdown,cell_lookup,13,629,2.1
VLM,llava_1.6-vicuna-13B,markdown,reverse_lookup,39,629,6.2
VLM,llava_1.6-vicuna-13B,markdown,column_retrieval,230,629,36.6
VLM,llava_1.6-vicuna-13B,markdown,row_retrieval,0,629,0.0
VLM,llava_1.6-vicuna-13B,markdown,OVERALL,997,6290,15.9
VLM,llava_1.6-vicuna-13B,latex,table_partition,1,629,0.2
VLM,llava_1.6-vicuna-13B,latex,table_first_cell,207,629,32.9
VLM,llava_1.6-vicuna-13B,latex,table_last_cell,186,629,29.6
VLM,llava_1.6-vicuna-13B,latex,size_detection,24,629,3.8
VLM,llava_1.6-vicuna-13B,latex,number_of_rows,126,629,20.0
VLM,llava_1.6-vicuna-13B,latex,number_of_columns,129,629,20.5
VLM,llava_1.6-vicuna-13B,latex,cell_lookup,14,629,2.2
VLM,llava_1.6-vicuna-13B,latex,reverse_lookup,35,629,5.6
VLM,llava_1.6-vicuna-13B,latex,column_retrieval,231,629,36.7
VLM,llava_1.6-vicuna-13B,latex,row_retrieval,1,629,0.2
VLM,llava_1.6-vicuna-13B,latex,OVERALL,954,6290,15.2
VLM,llava_1.6-vicuna-7B,html,table_partition,0,629,0.0
VLM,llava_1.6-vicuna-7B,html,table_first_cell,90,629,14.3
VLM,llava_1.6-vicuna-7B,html,table_last_cell,91,629,14.5
VLM,llava_1.6-vicuna-7B,html,size_detection,20,629,3.2
VLM,llava_1.6-vicuna-7B,html,number_of_rows,119,629,18.9
VLM,llava_1.6-vicuna-7B,html,number_of_columns,190,629,30.2
VLM,llava_1.6-vicuna-7B,html,cell_lookup,11,629,1.7
VLM,llava_1.6-vicuna-7B,html,reverse_lookup,8,629,1.3
VLM,llava_1.6-vicuna-7B,html,column_retrieval,186,629,29.6
VLM,llava_1.6-vicuna-7B,html,row_retrieval,0,629,0.0
VLM,llava_1.6-vicuna-7B,html,OVERALL,715,6290,11.4
VLM,llava_1.6-vicuna-7B,markdown,table_partition,1,629,0.2
VLM,llava_1.6-vicuna-7B,markdown,table_first_cell,89,629,14.1
VLM,llava_1.6-vicuna-7B,markdown,table_last_cell,114,629,18.1
VLM,llava_1.6-vicuna-7B,markdown,size_detection,12,629,1.9
VLM,llava_1.6-vicuna-7B,markdown,number_of_rows,111,629,17.6
VLM,llava_1.6-vicuna-7B,markdown,number_of_columns,150,629,23.8
VLM,llava_1.6-vicuna-7B,markdown,cell_lookup,10,629,1.6
VLM,llava_1.6-vicuna-7B,markdown,reverse_lookup,21,629,3.3
VLM,llava_1.6-vicuna-7B,markdown,column_retrieval,188,629,29.9
VLM,llava_1.6-vicuna-7B,markdown,row_retrieval,0,629,0.0
VLM,llava_1.6-vicuna-7B,markdown,OVERALL,696,6290,11.1
VLM,llava_1.6-vicuna-7B,latex,table_partition,2,629,0.3
VLM,llava_1.6-vicuna-7B,latex,table_first_cell,87,629,13.8
VLM,llava_1.6-vicuna-7B,latex,table_last_cell,114,629,18.1
VLM,llava_1.6-vicuna-7B,latex,size_detection,8,629,1.3
VLM,llava_1.6-vicuna-7B,latex,number_of_rows,129,629,20.5
VLM,llava_1.6-vicuna-7B,latex,number_of_columns,148,629,23.5
VLM,llava_1.6-vicuna-7B,latex,cell_lookup,12,629,1.9
VLM,llava_1.6-vicuna-7B,latex,reverse_lookup,18,629,2.9
VLM,llava_1.6-vicuna-7B,latex,column_retrieval,178,629,28.3
VLM,llava_1.6-vicuna-7B,latex,row_retrieval,0,629,0.0
VLM,llava_1.6-vicuna-7B,latex,OVERALL,696,6290,11.1
VLM,ministral_3-14B-Instruct,html,table_partition,227,629,36.1
VLM,ministral_3-14B-Instruct,html,table_first_cell,255,629,40.5
VLM,ministral_3-14B-Instruct,html,table_last_cell,387,629,61.5
VLM,ministral_3-14B-Instruct,html,size_detection,143,629,22.7
VLM,ministral_3-14B-Instruct,html,number_of_rows,221,629,35.1
VLM,ministral_3-14B-Instruct,html,number_of_columns,292,629,46.4
VLM,ministral_3-14B-Instruct,html,cell_lookup,167,629,26.6
VLM,ministral_3-14B-Instruct,html,reverse_lookup,249,629,39.6
VLM,ministral_3-14B-Instruct,html,column_retrieval,501,629,79.7
VLM,ministral_3-14B-Instruct,html,row_retrieval,67,629,10.7
VLM,ministral_3-14B-Instruct,html,OVERALL,2509,6290,39.9
VLM,ministral_3-14B-Instruct,markdown,table_partition,193,629,30.7
VLM,ministral_3-14B-Instruct,markdown,table_first_cell,216,629,34.3
VLM,ministral_3-14B-Instruct,markdown,table_last_cell,311,629,49.4
VLM,ministral_3-14B-Instruct,markdown,size_detection,242,629,38.5
VLM,ministral_3-14B-Instruct,markdown,number_of_rows,224,629,35.6
VLM,ministral_3-14B-Instruct,markdown,number_of_columns,330,629,52.5
VLM,ministral_3-14B-Instruct,markdown,cell_lookup,167,629,26.6
VLM,ministral_3-14B-Instruct,markdown,reverse_lookup,244,629,38.8
VLM,ministral_3-14B-Instruct,markdown,column_retrieval,467,629,74.2
VLM,ministral_3-14B-Instruct,markdown,row_retrieval,67,629,10.7
VLM,ministral_3-14B-Instruct,markdown,OVERALL,2461,6290,39.1
VLM,ministral_3-14B-Instruct,latex,table_partition,227,629,36.1
VLM,ministral_3-14B-Instruct,latex,table_first_cell,263,629,41.8
VLM,ministral_3-14B-Instruct,latex,table_last_cell,335,629,53.3
VLM,ministral_3-14B-Instruct,latex,size_detection,240,629,38.2
VLM,ministral_3-14B-Instruct,latex,number_of_rows,224,629,35.6
VLM,ministral_3-14B-Instruct,latex,number_of_columns,227,629,36.1
VLM,ministral_3-14B-Instruct,latex,cell_lookup,169,629,26.9
VLM,ministral_3-14B-Instruct,latex,reverse_lookup,248,629,39.4
VLM,ministral_3-14B-Instruct,latex,column_retrieval,457,629,72.7
VLM,ministral_3-14B-Instruct,latex,row_retrieval,70,629,11.1
VLM,ministral_3-14B-Instruct,latex,OVERALL,2460,6290,39.1
VLM,table-llava-v1.5-7b-hf,html,table_partition,0,629,0.0
VLM,table-llava-v1.5-7b-hf,html,table_first_cell,41,629,6.5
VLM,table-llava-v1.5-7b-hf,html,table_last_cell,27,629,4.3
VLM,table-llava-v1.5-7b-hf,html,size_detection,0,629,0.0
VLM,table-llava-v1.5-7b-hf,html,number_of_rows,0,629,0.0
VLM,table-llava-v1.5-7b-hf,html,number_of_columns,2,629,0.3
VLM,table-llava-v1.5-7b-hf,html,cell_lookup,0,629,0.0
VLM,table-llava-v1.5-7b-hf,html,reverse_lookup,10,629,1.6
VLM,table-llava-v1.5-7b-hf,html,column_retrieval,6,629,1.0
VLM,table-llava-v1.5-7b-hf,html,row_retrieval,0,629,0.0
VLM,table-llava-v1.5-7b-hf,html,OVERALL,86,6290,1.4
VLM,table-llava-v1.5-7b-hf,markdown,table_partition,0,629,0.0
VLM,table-llava-v1.5-7b-hf,markdown,table_first_cell,42,629,6.7
VLM,table-llava-v1.5-7b-hf,markdown,table_last_cell,58,629,9.2
VLM,table-llava-v1.5-7b-hf,markdown,size_detection,0,629,0.0
VLM,table-llava-v1.5-7b-hf,markdown,number_of_rows,82,629,13.0
VLM,table-llava-v1.5-7b-hf,markdown,number_of_columns,91,629,14.5
VLM,table-llava-v1.5-7b-hf,markdown,cell_lookup,0,629,0.0
VLM,table-llava-v1.5-7b-hf,markdown,reverse_lookup,17,629,2.7
VLM,table-llava-v1.5-7b-hf,markdown,column_retrieval,58,629,9.2
VLM,table-llava-v1.5-7b-hf,markdown,row_retrieval,0,629,0.0
VLM,table-llava-v1.5-7b-hf,markdown,OVERALL,348,6290,5.5
VLM,table-llava-v1.5-7b-hf,latex,table_partition,0,629,0.0
VLM,table-llava-v1.5-7b-hf,latex,table_first_cell,14,629,2.2
VLM,table-llava-v1.5-7b-hf,latex,table_last_cell,27,629,4.3
VLM,table-llava-v1.5-7b-hf,latex,size_detection,0,629,0.0
VLM,table-llava-v1.5-7b-hf,latex,number_of_rows,13,629,2.1
VLM,table-llava-v1.5-7b-hf,latex,number_of_columns,18,629,2.9
VLM,table-llava-v1.5-7b-hf,latex,cell_lookup,0,629,0.0
VLM,table-llava-v1.5-7b-hf,latex,reverse_lookup,11,629,1.7
VLM,table-llava-v1.5-7b-hf,latex,column_retrieval,23,629,3.7
VLM,table-llava-v1.5-7b-hf,latex,row_retrieval,0,629,0.0
VLM,table-llava-v1.5-7b-hf,latex,OVERALL,106,6290,1.7
VLM-TEXT,InternVL3.5-14B,html,table_partition,53,629,8.4
VLM-TEXT,InternVL3.5-14B,html,table_first_cell,336,629,53.4
VLM-TEXT,InternVL3.5-14B,html,table_last_cell,285,629,45.3
VLM-TEXT,InternVL3.5-14B,html,size_detection,53,629,8.4
VLM-TEXT,InternVL3.5-14B,html,number_of_rows,307,629,48.8
VLM-TEXT,InternVL3.5-14B,html,number_of_columns,619,629,98.4
VLM-TEXT,InternVL3.5-14B,html,cell_lookup,320,629,50.9
VLM-TEXT,InternVL3.5-14B,html,reverse_lookup,256,629,40.7
VLM-TEXT,InternVL3.5-14B,html,column_retrieval,599,629,95.2
VLM-TEXT,InternVL3.5-14B,html,row_retrieval,54,629,8.6
VLM-TEXT,InternVL3.5-14B,html,OVERALL,2882,6290,45.8
VLM-TEXT,InternVL3.5-14B,markdown,table_partition,9,629,1.4
VLM-TEXT,InternVL3.5-14B,markdown,table_first_cell,406,629,64.5
VLM-TEXT,InternVL3.5-14B,markdown,table_last_cell,355,629,56.4
VLM-TEXT,InternVL3.5-14B,markdown,size_detection,91,629,14.5
VLM-TEXT,InternVL3.5-14B,markdown,number_of_rows,410,629,65.2
VLM-TEXT,InternVL3.5-14B,markdown,number_of_columns,540,629,85.9
VLM-TEXT,InternVL3.5-14B,markdown,cell_lookup,274,629,43.6
VLM-TEXT,InternVL3.5-14B,markdown,reverse_lookup,209,629,33.2
VLM-TEXT,InternVL3.5-14B,markdown,column_retrieval,528,629,83.9
VLM-TEXT,InternVL3.5-14B,markdown,row_retrieval,21,629,3.3
VLM-TEXT,InternVL3.5-14B,markdown,OVERALL,2843,6290,45.2
VLM-TEXT,InternVL3.5-14B,latex,table_partition,70,629,11.1
VLM-TEXT,InternVL3.5-14B,latex,table_first_cell,553,629,87.9
VLM-TEXT,InternVL3.5-14B,latex,table_last_cell,348,629,55.3
VLM-TEXT,InternVL3.5-14B,latex,size_detection,69,629,11.0
VLM-TEXT,InternVL3.5-14B,latex,number_of_rows,278,629,44.2
VLM-TEXT,InternVL3.5-14B,latex,number_of_columns,625,629,99.4
VLM-TEXT,InternVL3.5-14B,latex,cell_lookup,232,629,36.9
VLM-TEXT,InternVL3.5-14B,latex,reverse_lookup,133,629,21.1
VLM-TEXT,InternVL3.5-14B,latex,column_retrieval,547,629,87.0
VLM-TEXT,InternVL3.5-14B,latex,row_retrieval,43,629,6.8
VLM-TEXT,InternVL3.5-14B,latex,OVERALL,2898,6290,46.1
VLM-TEXT,InternVL3.5-30B-A3B,html,table_partition,0,629,0.0
VLM-TEXT,InternVL3.5-30B-A3B,html,table_first_cell,576,629,91.6
VLM-TEXT,InternVL3.5-30B-A3B,html,table_last_cell,475,629,75.5
VLM-TEXT,InternVL3.5-30B-A3B,html,size_detection,0,629,0.0
VLM-TEXT,InternVL3.5-30B-A3B,html,number_of_rows,73,629,11.6
VLM-TEXT,InternVL3.5-30B-A3B,html,number_of_columns,626,629,99.5
VLM-TEXT,InternVL3.5-30B-A3B,html,cell_lookup,270,629,42.9
VLM-TEXT,InternVL3.5-30B-A3B,html,reverse_lookup,195,629,31.0
VLM-TEXT,InternVL3.5-30B-A3B,html,column_retrieval,547,629,87.0
VLM-TEXT,InternVL3.5-30B-A3B,html,row_retrieval,190,629,30.2
VLM-TEXT,InternVL3.5-30B-A3B,html,OVERALL,2952,6290,46.9
VLM-TEXT,InternVL3.5-30B-A3B,markdown,table_partition,0,629,0.0
VLM-TEXT,InternVL3.5-30B-A3B,markdown,table_first_cell,405,629,64.4
VLM-TEXT,InternVL3.5-30B-A3B,markdown,table_last_cell,469,629,74.6
VLM-TEXT,InternVL3.5-30B-A3B,markdown,size_detection,0,629,0.0
VLM-TEXT,InternVL3.5-30B-A3B,markdown,number_of_rows,99,629,15.7
VLM-TEXT,InternVL3.5-30B-A3B,markdown,number_of_columns,611,629,97.1
VLM-TEXT,InternVL3.5-30B-A3B,markdown,cell_lookup,204,629,32.4
VLM-TEXT,InternVL3.5-30B-A3B,markdown,reverse_lookup,179,629,28.5
VLM-TEXT,InternVL3.5-30B-A3B,markdown,column_retrieval,542,629,86.2
VLM-TEXT,InternVL3.5-30B-A3B,markdown,row_retrieval,135,629,21.5
VLM-TEXT,InternVL3.5-30B-A3B,markdown,OVERALL,2644,6290,42.0
VLM-TEXT,InternVL3.5-30B-A3B,latex,table_partition,0,629,0.0
VLM-TEXT,InternVL3.5-30B-A3B,latex,table_first_cell,534,629,84.9
VLM-TEXT,InternVL3.5-30B-A3B,latex,table_last_cell,475,629,75.5
VLM-TEXT,InternVL3.5-30B-A3B,latex,size_detection,0,629,0.0
VLM-TEXT,InternVL3.5-30B-A3B,latex,number_of_rows,57,629,9.1
VLM-TEXT,InternVL3.5-30B-A3B,latex,number_of_columns,625,629,99.4
VLM-TEXT,InternVL3.5-30B-A3B,latex,cell_lookup,181,629,28.8
VLM-TEXT,InternVL3.5-30B-A3B,latex,reverse_lookup,132,629,21.0
VLM-TEXT,InternVL3.5-30B-A3B,latex,column_retrieval,545,629,86.6
VLM-TEXT,InternVL3.5-30B-A3B,latex,row_retrieval,138,629,21.9
VLM-TEXT,InternVL3.5-30B-A3B,latex,OVERALL,2687,6290,42.7
VLM-TEXT,Qwen3-VL-30B-A3B-Instruct,html,table_partition,314,629,49.9
VLM-TEXT,Qwen3-VL-30B-A3B-Instruct,html,table_first_cell,595,629,94.6
VLM-TEXT,Qwen3-VL-30B-A3B-Instruct,html,table_last_cell,483,629,76.8
VLM-TEXT,Qwen3-VL-30B-A3B-Instruct,html,size_detection,431,629,68.5
VLM-TEXT,Qwen3-VL-30B-A3B-Instruct,html,number_of_rows,462,629,73.4
VLM-TEXT,Qwen3-VL-30B-A3B-Instruct,html,number_of_columns,608,629,96.7
VLM-TEXT,Qwen3-VL-30B-A3B-Instruct,html,cell_lookup,255,629,40.5
VLM-TEXT,Qwen3-VL-30B-A3B-Instruct,html,reverse_lookup,236,629,37.5
VLM-TEXT,Qwen3-VL-30B-A3B-Instruct,html,column_retrieval,564,629,89.7
VLM-TEXT,Qwen3-VL-30B-A3B-Instruct,html,row_retrieval,90,629,14.3
VLM-TEXT,Qwen3-VL-30B-A3B-Instruct,html,OVERALL,4038,6290,64.2
VLM-TEXT,Qwen3-VL-30B-A3B-Instruct,markdown,table_partition,166,629,26.4
VLM-TEXT,Qwen3-VL-30B-A3B-Instruct,markdown,table_first_cell,552,629,87.8
VLM-TEXT,Qwen3-VL-30B-A3B-Instruct,markdown,table_last_cell,408,629,64.9
VLM-TEXT,Qwen3-VL-30B-A3B-Instruct,markdown,size_detection,392,629,62.3
VLM-TEXT,Qwen3-VL-30B-A3B-Instruct,markdown,number_of_rows,532,629,84.6
VLM-TEXT,Qwen3-VL-30B-A3B-Instruct,markdown,number_of_columns,451,629,71.7
VLM-TEXT,Qwen3-VL-30B-A3B-Instruct,markdown,cell_lookup,186,629,29.6
VLM-TEXT,Qwen3-VL-30B-A3B-Instruct,markdown,reverse_lookup,131,629,20.8
VLM-TEXT,Qwen3-VL-30B-A3B-Instruct,markdown,column_retrieval,454,629,72.2
VLM-TEXT,Qwen3-VL-30B-A3B-Instruct,markdown,row_retrieval,37,629,5.9
VLM-TEXT,Qwen3-VL-30B-A3B-Instruct,markdown,OVERALL,3309,6290,52.6
VLM-TEXT,Qwen3-VL-30B-A3B-Instruct,latex,table_partition,185,629,29.4
VLM-TEXT,Qwen3-VL-30B-A3B-Instruct,latex,table_first_cell,601,629,95.5
VLM-TEXT,Qwen3-VL-30B-A3B-Instruct,latex,table_last_cell,438,629,69.6
VLM-TEXT,Qwen3-VL-30B-A3B-Instruct,latex,size_detection,295,629,46.9
VLM-TEXT,Qwen3-VL-30B-A3B-Instruct,latex,number_of_rows,406,629,64.5
VLM-TEXT,Qwen3-VL-30B-A3B-Instruct,latex,number_of_columns,613,629,97.5
VLM-TEXT,Qwen3-VL-30B-A3B-Instruct,latex,cell_lookup,187,629,29.7
VLM-TEXT,Qwen3-VL-30B-A3B-Instruct,latex,reverse_lookup,124,629,19.7
VLM-TEXT,Qwen3-VL-30B-A3B-Instruct,latex,column_retrieval,522,629,83.0
VLM-TEXT,Qwen3-VL-30B-A3B-Instruct,latex,row_retrieval,54,629,8.6
VLM-TEXT,Qwen3-VL-30B-A3B-Instruct,latex,OVERALL,3425,6290,54.5
VLM-TEXT,Qwen3-VL-8B-Instruct,html,table_partition,169,629,26.9
VLM-TEXT,Qwen3-VL-8B-Instruct,html,table_first_cell,588,629,93.5
VLM-TEXT,Qwen3-VL-8B-Instruct,html,table_last_cell,503,629,80.0
VLM-TEXT,Qwen3-VL-8B-Instruct,html,size_detection,175,629,27.8
VLM-TEXT,Qwen3-VL-8B-Instruct,html,number_of_rows,434,629,69.0
VLM-TEXT,Qwen3-VL-8B-Instruct,html,number_of_columns,618,629,98.3
VLM-TEXT,Qwen3-VL-8B-Instruct,html,cell_lookup,285,629,45.3
VLM-TEXT,Qwen3-VL-8B-Instruct,html,reverse_lookup,301,629,47.9
VLM-TEXT,Qwen3-VL-8B-Instruct,html,column_retrieval,534,629,84.9
VLM-TEXT,Qwen3-VL-8B-Instruct,html,row_retrieval,20,629,3.2
VLM-TEXT,Qwen3-VL-8B-Instruct,html,OVERALL,3627,6290,57.7
VLM-TEXT,Qwen3-VL-8B-Instruct,markdown,table_partition,67,629,10.7
VLM-TEXT,Qwen3-VL-8B-Instruct,markdown,table_first_cell,431,629,68.5
VLM-TEXT,Qwen3-VL-8B-Instruct,markdown,table_last_cell,406,629,64.5
VLM-TEXT,Qwen3-VL-8B-Instruct,markdown,size_detection,190,629,30.2
VLM-TEXT,Qwen3-VL-8B-Instruct,markdown,number_of_rows,421,629,66.9
VLM-TEXT,Qwen3-VL-8B-Instruct,markdown,number_of_columns,584,629,92.8
VLM-TEXT,Qwen3-VL-8B-Instruct,markdown,cell_lookup,177,629,28.1
VLM-TEXT,Qwen3-VL-8B-Instruct,markdown,reverse_lookup,118,629,18.8
VLM-TEXT,Qwen3-VL-8B-Instruct,markdown,column_retrieval,434,629,69.0
VLM-TEXT,Qwen3-VL-8B-Instruct,markdown,row_retrieval,52,629,8.3
VLM-TEXT,Qwen3-VL-8B-Instruct,markdown,OVERALL,2880,6290,45.8
VLM-TEXT,Qwen3-VL-8B-Instruct,latex,table_partition,117,629,18.6
VLM-TEXT,Qwen3-VL-8B-Instruct,latex,table_first_cell,579,629,92.1
VLM-TEXT,Qwen3-VL-8B-Instruct,latex,table_last_cell,480,629,76.3
VLM-TEXT,Qwen3-VL-8B-Instruct,latex,size_detection,99,629,15.7
VLM-TEXT,Qwen3-VL-8B-Instruct,latex,number_of_rows,228,629,36.2
VLM-TEXT,Qwen3-VL-8B-Instruct,latex,number_of_columns,629,629,100.0
VLM-TEXT,Qwen3-VL-8B-Instruct,latex,cell_lookup,190,629,30.2
VLM-TEXT,Qwen3-VL-8B-Instruct,latex,reverse_lookup,110,629,17.5
VLM-TEXT,Qwen3-VL-8B-Instruct,latex,column_retrieval,466,629,74.1
VLM-TEXT,Qwen3-VL-8B-Instruct,latex,row_retrieval,35,629,5.6
VLM-TEXT,Qwen3-VL-8B-Instruct,latex,OVERALL,2933,6290,46.6
VLM-TEXT,SmolVLM2-2.2B-Instruct,html,table_partition,0,618,0.0
VLM-TEXT,SmolVLM2-2.2B-Instruct,html,table_first_cell,70,618,11.3
VLM-TEXT,SmolVLM2-2.2B-Instruct,html,table_last_cell,57,618,9.2
VLM-TEXT,SmolVLM2-2.2B-Instruct,html,size_detection,0,618,0.0
VLM-TEXT,SmolVLM2-2.2B-Instruct,html,number_of_rows,42,618,6.8
VLM-TEXT,SmolVLM2-2.2B-Instruct,html,number_of_columns,1,618,0.2
VLM-TEXT,SmolVLM2-2.2B-Instruct,html,cell_lookup,1,618,0.2
VLM-TEXT,SmolVLM2-2.2B-Instruct,html,reverse_lookup,16,618,2.6
VLM-TEXT,SmolVLM2-2.2B-Instruct,html,column_retrieval,18,618,2.9
VLM-TEXT,SmolVLM2-2.2B-Instruct,html,row_retrieval,0,618,0.0
VLM-TEXT,SmolVLM2-2.2B-Instruct,html,OVERALL,205,6180,3.3
VLM-TEXT,SmolVLM2-2.2B-Instruct,markdown,table_partition,0,624,0.0
VLM-TEXT,SmolVLM2-2.2B-Instruct,markdown,table_first_cell,52,624,8.3
VLM-TEXT,SmolVLM2-2.2B-Instruct,markdown,table_last_cell,37,624,5.9
VLM-TEXT,SmolVLM2-2.2B-Instruct,markdown,size_detection,0,624,0.0
VLM-TEXT,SmolVLM2-2.2B-Instruct,markdown,number_of_rows,112,624,17.9
VLM-TEXT,SmolVLM2-2.2B-Instruct,markdown,number_of_columns,11,624,1.8
VLM-TEXT,SmolVLM2-2.2B-Instruct,markdown,cell_lookup,0,624,0.0
VLM-TEXT,SmolVLM2-2.2B-Instruct,markdown,reverse_lookup,28,624,4.5
VLM-TEXT,SmolVLM2-2.2B-Instruct,markdown,column_retrieval,26,624,4.2
VLM-TEXT,SmolVLM2-2.2B-Instruct,markdown,row_retrieval,0,624,0.0
VLM-TEXT,SmolVLM2-2.2B-Instruct,markdown,OVERALL,266,6240,4.3
VLM-TEXT,SmolVLM2-2.2B-Instruct,latex,table_partition,0,624,0.0
VLM-TEXT,SmolVLM2-2.2B-Instruct,latex,table_first_cell,3,624,0.5
VLM-TEXT,SmolVLM2-2.2B-Instruct,latex,table_last_cell,1,624,0.2
VLM-TEXT,SmolVLM2-2.2B-Instruct,latex,size_detection,0,624,0.0
VLM-TEXT,SmolVLM2-2.2B-Instruct,latex,number_of_rows,0,624,0.0
VLM-TEXT,SmolVLM2-2.2B-Instruct,latex,number_of_columns,0,624,0.0
VLM-TEXT,SmolVLM2-2.2B-Instruct,latex,cell_lookup,0,624,0.0
VLM-TEXT,SmolVLM2-2.2B-Instruct,latex,reverse_lookup,17,624,2.7
VLM-TEXT,SmolVLM2-2.2B-Instruct,latex,column_retrieval,16,624,2.6
VLM-TEXT,SmolVLM2-2.2B-Instruct,latex,row_retrieval,0,624,0.0
VLM-TEXT,SmolVLM2-2.2B-Instruct,latex,OVERALL,37,6240,0.6
VLM-TEXT,gemini-3-flash-preview,html,table_partition,583,629,92.7
VLM-TEXT,gemini-3-flash-preview,html,table_first_cell,612,629,97.3
VLM-TEXT,gemini-3-flash-preview,html,table_last_cell,566,629,90.0
VLM-TEXT,gemini-3-flash-preview,html,size_detection,544,629,86.5
VLM-TEXT,gemini-3-flash-preview,html,number_of_rows,615,629,97.8
VLM-TEXT,gemini-3-flash-preview,html,number_of_columns,629,629,100.0
VLM-TEXT,gemini-3-flash-preview,html,cell_lookup,106,629,16.9
VLM-TEXT,gemini-3-flash-preview,html,reverse_lookup,497,629,79.0
VLM-TEXT,gemini-3-flash-preview,html,column_retrieval,611,628,97.3
VLM-TEXT,gemini-3-flash-preview,html,row_retrieval,377,629,59.9
VLM-TEXT,gemini-3-flash-preview,html,OVERALL,5140,6289,81.7
VLM-TEXT,gemini-3-flash-preview,markdown,table_partition,559,629,88.9
VLM-TEXT,gemini-3-flash-preview,markdown,table_first_cell,602,629,95.7
VLM-TEXT,gemini-3-flash-preview,markdown,table_last_cell,560,629,89.0
VLM-TEXT,gemini-3-flash-preview,markdown,size_detection,477,629,75.8
VLM-TEXT,gemini-3-flash-preview,markdown,number_of_rows,598,629,95.1
VLM-TEXT,gemini-3-flash-preview,markdown,number_of_columns,629,629,100.0
VLM-TEXT,gemini-3-flash-preview,markdown,cell_lookup,100,629,15.9
VLM-TEXT,gemini-3-flash-preview,markdown,reverse_lookup,422,629,67.1
VLM-TEXT,gemini-3-flash-preview,markdown,column_retrieval,613,629,97.5
VLM-TEXT,gemini-3-flash-preview,markdown,row_retrieval,313,628,49.8
VLM-TEXT,gemini-3-flash-preview,markdown,OVERALL,4873,6289,77.5
VLM-TEXT,gemini-3-flash-preview,latex,table_partition,570,629,90.6
VLM-TEXT,gemini-3-flash-preview,latex,table_first_cell,611,629,97.1
VLM-TEXT,gemini-3-flash-preview,latex,table_last_cell,561,628,89.3
VLM-TEXT,gemini-3-flash-preview,latex,size_detection,56,629,8.9
VLM-TEXT,gemini-3-flash-preview,latex,number_of_rows,565,629,89.8
VLM-TEXT,gemini-3-flash-preview,latex,number_of_columns,629,629,100.0
VLM-TEXT,gemini-3-flash-preview,latex,cell_lookup,4,629,0.6
VLM-TEXT,gemini-3-flash-preview,latex,reverse_lookup,122,629,19.4
VLM-TEXT,gemini-3-flash-preview,latex,column_retrieval,612,628,97.5
VLM-TEXT,gemini-3-flash-preview,latex,row_retrieval,37,629,5.9
VLM-TEXT,gemini-3-flash-preview,latex,OVERALL,3767,6288,59.9
VLM-TEXT,gemma_3-12B-IT,html,table_partition,119,629,18.9
VLM-TEXT,gemma_3-12B-IT,html,table_first_cell,431,629,68.5
VLM-TEXT,gemma_3-12B-IT,html,table_last_cell,512,629,81.4
VLM-TEXT,gemma_3-12B-IT,html,size_detection,408,629,64.9
VLM-TEXT,gemma_3-12B-IT,html,number_of_rows,490,629,77.9
VLM-TEXT,gemma_3-12B-IT,html,number_of_columns,567,629,90.1
VLM-TEXT,gemma_3-12B-IT,html,cell_lookup,197,629,31.3
VLM-TEXT,gemma_3-12B-IT,html,reverse_lookup,182,629,28.9
VLM-TEXT,gemma_3-12B-IT,html,column_retrieval,535,629,85.1
VLM-TEXT,gemma_3-12B-IT,html,row_retrieval,35,629,5.6
VLM-TEXT,gemma_3-12B-IT,html,OVERALL,3476,6290,55.3
VLM-TEXT,gemma_3-12B-IT,markdown,table_partition,27,629,4.3
VLM-TEXT,gemma_3-12B-IT,markdown,table_first_cell,199,629,31.6
VLM-TEXT,gemma_3-12B-IT,markdown,table_last_cell,424,629,67.4
VLM-TEXT,gemma_3-12B-IT,markdown,size_detection,323,629,51.4
VLM-TEXT,gemma_3-12B-IT,markdown,number_of_rows,461,629,73.3
VLM-TEXT,gemma_3-12B-IT,markdown,number_of_columns,423,629,67.2
VLM-TEXT,gemma_3-12B-IT,markdown,cell_lookup,122,629,19.4
VLM-TEXT,gemma_3-12B-IT,markdown,reverse_lookup,130,629,20.7
VLM-TEXT,gemma_3-12B-IT,markdown,column_retrieval,480,629,76.3
VLM-TEXT,gemma_3-12B-IT,markdown,row_retrieval,16,629,2.5
VLM-TEXT,gemma_3-12B-IT,markdown,OVERALL,2605,6290,41.4
VLM-TEXT,gemma_3-12B-IT,latex,table_partition,91,629,14.5
VLM-TEXT,gemma_3-12B-IT,latex,table_first_cell,334,629,53.1
VLM-TEXT,gemma_3-12B-IT,latex,table_last_cell,481,629,76.5
VLM-TEXT,gemma_3-12B-IT,latex,size_detection,192,629,30.5
VLM-TEXT,gemma_3-12B-IT,latex,number_of_rows,224,629,35.6
VLM-TEXT,gemma_3-12B-IT,latex,number_of_columns,621,629,98.7
VLM-TEXT,gemma_3-12B-IT,latex,cell_lookup,120,629,19.1
VLM-TEXT,gemma_3-12B-IT,latex,reverse_lookup,116,629,18.4
VLM-TEXT,gemma_3-12B-IT,latex,column_retrieval,484,629,76.9
VLM-TEXT,gemma_3-12B-IT,latex,row_retrieval,23,629,3.7
VLM-TEXT,gemma_3-12B-IT,latex,OVERALL,2686,6290,42.7
VLM-TEXT,gemma_3-27B-IT,html,table_partition,338,629,53.7
VLM-TEXT,gemma_3-27B-IT,html,table_first_cell,519,629,82.5
VLM-TEXT,gemma_3-27B-IT,html,table_last_cell,517,629,82.2
VLM-TEXT,gemma_3-27B-IT,html,size_detection,454,629,72.2
VLM-TEXT,gemma_3-27B-IT,html,number_of_rows,464,629,73.8
VLM-TEXT,gemma_3-27B-IT,html,number_of_columns,617,629,98.1
VLM-TEXT,gemma_3-27B-IT,html,cell_lookup,283,629,45.0
VLM-TEXT,gemma_3-27B-IT,html,reverse_lookup,350,629,55.6
VLM-TEXT,gemma_3-27B-IT,html,column_retrieval,597,629,94.9
VLM-TEXT,gemma_3-27B-IT,html,row_retrieval,102,629,16.2
VLM-TEXT,gemma_3-27B-IT,html,OVERALL,4241,6290,67.4
VLM-TEXT,gemma_3-27B-IT,markdown,table_partition,103,629,16.4
VLM-TEXT,gemma_3-27B-IT,markdown,table_first_cell,285,629,45.3
VLM-TEXT,gemma_3-27B-IT,markdown,table_last_cell,444,629,70.6
VLM-TEXT,gemma_3-27B-IT,markdown,size_detection,374,629,59.5
VLM-TEXT,gemma_3-27B-IT,markdown,number_of_rows,524,629,83.3
VLM-TEXT,gemma_3-27B-IT,markdown,number_of_columns,481,629,76.5
VLM-TEXT,gemma_3-27B-IT,markdown,cell_lookup,255,629,40.5
VLM-TEXT,gemma_3-27B-IT,markdown,reverse_lookup,242,629,38.5
VLM-TEXT,gemma_3-27B-IT,markdown,column_retrieval,576,629,91.6
VLM-TEXT,gemma_3-27B-IT,markdown,row_retrieval,73,629,11.6
VLM-TEXT,gemma_3-27B-IT,markdown,OVERALL,3357,6290,53.4
VLM-TEXT,gemma_3-27B-IT,latex,table_partition,209,629,33.2
VLM-TEXT,gemma_3-27B-IT,latex,table_first_cell,394,629,62.6
VLM-TEXT,gemma_3-27B-IT,latex,table_last_cell,479,629,76.2
VLM-TEXT,gemma_3-27B-IT,latex,size_detection,380,629,60.4
VLM-TEXT,gemma_3-27B-IT,latex,number_of_rows,378,629,60.1
VLM-TEXT,gemma_3-27B-IT,latex,number_of_columns,626,629,99.5
VLM-TEXT,gemma_3-27B-IT,latex,cell_lookup,264,629,42.0
VLM-TEXT,gemma_3-27B-IT,latex,reverse_lookup,203,629,32.3
VLM-TEXT,gemma_3-27B-IT,latex,column_retrieval,560,629,89.0
VLM-TEXT,gemma_3-27B-IT,latex,row_retrieval,83,629,13.2
VLM-TEXT,gemma_3-27B-IT,latex,OVERALL,3576,6290,56.9
VLM-TEXT,gpt-5.2,html,table_partition,597,629,94.9
VLM-TEXT,gpt-5.2,html,table_first_cell,625,629,99.4
VLM-TEXT,gpt-5.2,html,table_last_cell,601,629,95.5
VLM-TEXT,gpt-5.2,html,size_detection,619,629,98.4
VLM-TEXT,gpt-5.2,html,number_of_rows,612,629,97.3
VLM-TEXT,gpt-5.2,html,number_of_columns,629,629,100.0
VLM-TEXT,gpt-5.2,html,cell_lookup,335,629,53.3
VLM-TEXT,gpt-5.2,html,reverse_lookup,541,629,86.0
VLM-TEXT,gpt-5.2,html,column_retrieval,596,629,94.8
VLM-TEXT,gpt-5.2,html,row_retrieval,531,629,84.4
VLM-TEXT,gpt-5.2,html,OVERALL,5686,6290,90.4
VLM-TEXT,gpt-5.2,markdown,table_partition,557,629,88.6
VLM-TEXT,gpt-5.2,markdown,table_first_cell,597,629,94.9
VLM-TEXT,gpt-5.2,markdown,table_last_cell,587,629,93.3
VLM-TEXT,gpt-5.2,markdown,size_detection,549,629,87.3
VLM-TEXT,gpt-5.2,markdown,number_of_rows,604,629,96.0
VLM-TEXT,gpt-5.2,markdown,number_of_columns,628,629,99.8
VLM-TEXT,gpt-5.2,markdown,cell_lookup,93,629,14.8
VLM-TEXT,gpt-5.2,markdown,reverse_lookup,219,629,34.8
VLM-TEXT,gpt-5.2,markdown,column_retrieval,605,629,96.2
VLM-TEXT,gpt-5.2,markdown,row_retrieval,158,629,25.1
VLM-TEXT,gpt-5.2,markdown,OVERALL,4597,6290,73.1
VLM-TEXT,gpt-5.2,latex,table_partition,569,629,90.5
VLM-TEXT,gpt-5.2,latex,table_first_cell,619,629,98.4
VLM-TEXT,gpt-5.2,latex,table_last_cell,582,629,92.5
VLM-TEXT,gpt-5.2,latex,size_detection,184,629,29.3
VLM-TEXT,gpt-5.2,latex,number_of_rows,531,629,84.4
VLM-TEXT,gpt-5.2,latex,number_of_columns,629,629,100.0
VLM-TEXT,gpt-5.2,latex,cell_lookup,44,629,7.0
VLM-TEXT,gpt-5.2,latex,reverse_lookup,108,629,17.2
VLM-TEXT,gpt-5.2,latex,column_retrieval,614,629,97.6
VLM-TEXT,gpt-5.2,latex,row_retrieval,22,629,3.5
VLM-TEXT,gpt-5.2,latex,OVERALL,3902,6290,62.0
VLM-TEXT,llava_1.6-vicuna-13B,html,table_partition,0,599,0.0
VLM-TEXT,llava_1.6-vicuna-13B,html,table_first_cell,129,600,21.5
VLM-TEXT,llava_1.6-vicuna-13B,html,table_last_cell,31,600,5.2
VLM-TEXT,llava_1.6-vicuna-13B,html,size_detection,6,600,1.0
VLM-TEXT,llava_1.6-vicuna-13B,html,number_of_rows,74,600,12.3
VLM-TEXT,llava_1.6-vicuna-13B,html,number_of_columns,187,600,31.2
VLM-TEXT,llava_1.6-vicuna-13B,html,cell_lookup,15,599,2.5
VLM-TEXT,llava_1.6-vicuna-13B,html,reverse_lookup,4,599,0.7
VLM-TEXT,llava_1.6-vicuna-13B,html,column_retrieval,96,599,16.0
VLM-TEXT,llava_1.6-vicuna-13B,html,row_retrieval,1,599,0.2
VLM-TEXT,llava_1.6-vicuna-13B,html,OVERALL,543,5995,9.1
VLM-TEXT,llava_1.6-vicuna-13B,markdown,table_partition,0,616,0.0
VLM-TEXT,llava_1.6-vicuna-13B,markdown,table_first_cell,77,616,12.5
VLM-TEXT,llava_1.6-vicuna-13B,markdown,table_last_cell,30,616,4.9
VLM-TEXT,llava_1.6-vicuna-13B,markdown,size_detection,0,616,0.0
VLM-TEXT,llava_1.6-vicuna-13B,markdown,number_of_rows,50,616,8.1
VLM-TEXT,llava_1.6-vicuna-13B,markdown,number_of_columns,34,616,5.5
VLM-TEXT,llava_1.6-vicuna-13B,markdown,cell_lookup,10,616,1.6
VLM-TEXT,llava_1.6-vicuna-13B,markdown,reverse_lookup,8,616,1.3
VLM-TEXT,llava_1.6-vicuna-13B,markdown,column_retrieval,77,616,12.5
VLM-TEXT,llava_1.6-vicuna-13B,markdown,row_retrieval,0,616,0.0
VLM-TEXT,llava_1.6-vicuna-13B,markdown,OVERALL,286,6160,4.6
VLM-TEXT,llava_1.6-vicuna-13B,latex,table_partition,0,619,0.0
VLM-TEXT,llava_1.6-vicuna-13B,latex,table_first_cell,153,619,24.7
VLM-TEXT,llava_1.6-vicuna-13B,latex,table_last_cell,47,619,7.6
VLM-TEXT,llava_1.6-vicuna-13B,latex,size_detection,2,619,0.3
VLM-TEXT,llava_1.6-vicuna-13B,latex,number_of_rows,6,619,1.0
VLM-TEXT,llava_1.6-vicuna-13B,latex,number_of_columns,10,619,1.6
VLM-TEXT,llava_1.6-vicuna-13B,latex,cell_lookup,14,619,2.3
VLM-TEXT,llava_1.6-vicuna-13B,latex,reverse_lookup,15,619,2.4
VLM-TEXT,llava_1.6-vicuna-13B,latex,column_retrieval,120,619,19.4
VLM-TEXT,llava_1.6-vicuna-13B,latex,row_retrieval,1,619,0.2
VLM-TEXT,llava_1.6-vicuna-13B,latex,OVERALL,368,6190,5.9
VLM-TEXT,llava_1.6-vicuna-7B,html,table_partition,0,599,0.0
VLM-TEXT,llava_1.6-vicuna-7B,html,table_first_cell,165,600,27.5
VLM-TEXT,llava_1.6-vicuna-7B,html,table_last_cell,16,600,2.7
VLM-TEXT,llava_1.6-vicuna-7B,html,size_detection,0,600,0.0
VLM-TEXT,llava_1.6-vicuna-7B,html,number_of_rows,0,600,0.0
VLM-TEXT,llava_1.6-vicuna-7B,html,number_of_columns,0,600,0.0
VLM-TEXT,llava_1.6-vicuna-7B,html,cell_lookup,0,599,0.0
VLM-TEXT,llava_1.6-vicuna-7B,html,reverse_lookup,6,599,1.0
VLM-TEXT,llava_1.6-vicuna-7B,html,column_retrieval,86,599,14.4
VLM-TEXT,llava_1.6-vicuna-7B,html,row_retrieval,0,599,0.0
VLM-TEXT,llava_1.6-vicuna-7B,html,OVERALL,273,5995,4.6
VLM-TEXT,llava_1.6-vicuna-7B,markdown,table_partition,0,616,0.0
VLM-TEXT,llava_1.6-vicuna-7B,markdown,table_first_cell,99,616,16.1
VLM-TEXT,llava_1.6-vicuna-7B,markdown,table_last_cell,18,616,2.9
VLM-TEXT,llava_1.6-vicuna-7B,markdown,size_detection,0,616,0.0
VLM-TEXT,llava_1.6-vicuna-7B,markdown,number_of_rows,11,616,1.8
VLM-TEXT,llava_1.6-vicuna-7B,markdown,number_of_columns,2,616,0.3
VLM-TEXT,llava_1.6-vicuna-7B,markdown,cell_lookup,1,616,0.2
VLM-TEXT,llava_1.6-vicuna-7B,markdown,reverse_lookup,4,616,0.6
VLM-TEXT,llava_1.6-vicuna-7B,markdown,column_retrieval,24,616,3.9
VLM-TEXT,llava_1.6-vicuna-7B,markdown,row_retrieval,0,616,0.0
VLM-TEXT,llava_1.6-vicuna-7B,markdown,OVERALL,159,6160,2.6
VLM-TEXT,llava_1.6-vicuna-7B,latex,table_partition,0,619,0.0
VLM-TEXT,llava_1.6-vicuna-7B,latex,table_first_cell,236,619,38.1
VLM-TEXT,llava_1.6-vicuna-7B,latex,table_last_cell,17,619,2.7
VLM-TEXT,llava_1.6-vicuna-7B,latex,size_detection,0,619,0.0
VLM-TEXT,llava_1.6-vicuna-7B,latex,number_of_rows,67,619,10.8
VLM-TEXT,llava_1.6-vicuna-7B,latex,number_of_columns,52,619,8.4
VLM-TEXT,llava_1.6-vicuna-7B,latex,cell_lookup,6,619,1.0
VLM-TEXT,llava_1.6-vicuna-7B,latex,reverse_lookup,5,619,0.8
VLM-TEXT,llava_1.6-vicuna-7B,latex,column_retrieval,84,619,13.6
VLM-TEXT,llava_1.6-vicuna-7B,latex,row_retrieval,0,619,0.0
VLM-TEXT,llava_1.6-vicuna-7B,latex,OVERALL,467,6190,7.5
VLM-TEXT,ministral_3-14B-Instruct,html,table_partition,126,629,20.0
VLM-TEXT,ministral_3-14B-Instruct,html,table_first_cell,601,629,95.5
VLM-TEXT,ministral_3-14B-Instruct,html,table_last_cell,360,629,57.2
VLM-TEXT,ministral_3-14B-Instruct,html,size_detection,141,629,22.4
VLM-TEXT,ministral_3-14B-Instruct,html,number_of_rows,322,629,51.2
VLM-TEXT,ministral_3-14B-Instruct,html,number_of_columns,623,629,99.0
VLM-TEXT,ministral_3-14B-Instruct,html,cell_lookup,259,629,41.2
VLM-TEXT,ministral_3-14B-Instruct,html,reverse_lookup,237,629,37.7
VLM-TEXT,ministral_3-14B-Instruct,html,column_retrieval,556,629,88.4
VLM-TEXT,ministral_3-14B-Instruct,html,row_retrieval,143,629,22.7
VLM-TEXT,ministral_3-14B-Instruct,html,OVERALL,3368,6290,53.5
VLM-TEXT,ministral_3-14B-Instruct,markdown,table_partition,11,629,1.7
VLM-TEXT,ministral_3-14B-Instruct,markdown,table_first_cell,434,629,69.0
VLM-TEXT,ministral_3-14B-Instruct,markdown,table_last_cell,311,629,49.4
VLM-TEXT,ministral_3-14B-Instruct,markdown,size_detection,41,629,6.5
VLM-TEXT,ministral_3-14B-Instruct,markdown,number_of_rows,281,629,44.7
VLM-TEXT,ministral_3-14B-Instruct,markdown,number_of_columns,503,629,80.0
VLM-TEXT,ministral_3-14B-Instruct,markdown,cell_lookup,150,629,23.8
VLM-TEXT,ministral_3-14B-Instruct,markdown,reverse_lookup,134,629,21.3
VLM-TEXT,ministral_3-14B-Instruct,markdown,column_retrieval,390,629,62.0
VLM-TEXT,ministral_3-14B-Instruct,markdown,row_retrieval,70,629,11.1
VLM-TEXT,ministral_3-14B-Instruct,markdown,OVERALL,2325,6290,37.0
VLM-TEXT,ministral_3-14B-Instruct,latex,table_partition,89,629,14.1
VLM-TEXT,ministral_3-14B-Instruct,latex,table_first_cell,497,629,79.0
VLM-TEXT,ministral_3-14B-Instruct,latex,table_last_cell,392,629,62.3
VLM-TEXT,ministral_3-14B-Instruct,latex,size_detection,190,629,30.2
VLM-TEXT,ministral_3-14B-Instruct,latex,number_of_rows,255,629,40.5
VLM-TEXT,ministral_3-14B-Instruct,latex,number_of_columns,625,629,99.4
VLM-TEXT,ministral_3-14B-Instruct,latex,cell_lookup,121,629,19.2
VLM-TEXT,ministral_3-14B-Instruct,latex,reverse_lookup,107,629,17.0
VLM-TEXT,ministral_3-14B-Instruct,latex,column_retrieval,431,629,68.5
VLM-TEXT,ministral_3-14B-Instruct,latex,row_retrieval,77,629,12.2
VLM-TEXT,ministral_3-14B-Instruct,latex,OVERALL,2784,6290,44.3
VLM-TEXT,table-llava-v1.5-7b-hf,html,table_partition,0,599,0.0
VLM-TEXT,table-llava-v1.5-7b-hf,html,table_first_cell,118,600,19.7
VLM-TEXT,table-llava-v1.5-7b-hf,html,table_last_cell,17,600,2.8
VLM-TEXT,table-llava-v1.5-7b-hf,html,size_detection,0,600,0.0
VLM-TEXT,table-llava-v1.5-7b-hf,html,number_of_rows,42,600,7.0
VLM-TEXT,table-llava-v1.5-7b-hf,html,number_of_columns,3,600,0.5
VLM-TEXT,table-llava-v1.5-7b-hf,html,cell_lookup,1,599,0.2
VLM-TEXT,table-llava-v1.5-7b-hf,html,reverse_lookup,10,599,1.7
VLM-TEXT,table-llava-v1.5-7b-hf,html,column_retrieval,44,599,7.3
VLM-TEXT,table-llava-v1.5-7b-hf,html,row_retrieval,0,599,0.0
VLM-TEXT,table-llava-v1.5-7b-hf,html,OVERALL,235,5995,3.9
VLM-TEXT,table-llava-v1.5-7b-hf,markdown,table_partition,0,616,0.0
VLM-TEXT,table-llava-v1.5-7b-hf,markdown,table_first_cell,131,616,21.3
VLM-TEXT,table-llava-v1.5-7b-hf,markdown,table_last_cell,24,616,3.9
VLM-TEXT,table-llava-v1.5-7b-hf,markdown,size_detection,0,616,0.0
VLM-TEXT,table-llava-v1.5-7b-hf,markdown,number_of_rows,151,616,24.5
VLM-TEXT,table-llava-v1.5-7b-hf,markdown,number_of_columns,19,616,3.1
VLM-TEXT,table-llava-v1.5-7b-hf,markdown,cell_lookup,0,616,0.0
VLM-TEXT,table-llava-v1.5-7b-hf,markdown,reverse_lookup,6,616,1.0
VLM-TEXT,table-llava-v1.5-7b-hf,markdown,column_retrieval,33,616,5.4
VLM-TEXT,table-llava-v1.5-7b-hf,markdown,row_retrieval,0,616,0.0
VLM-TEXT,table-llava-v1.5-7b-hf,markdown,OVERALL,364,6160,5.9
VLM-TEXT,table-llava-v1.5-7b-hf,latex,table_partition,0,619,0.0
VLM-TEXT,table-llava-v1.5-7b-hf,latex,table_first_cell,209,619,33.8
VLM-TEXT,table-llava-v1.5-7b-hf,latex,table_last_cell,35,619,5.7
VLM-TEXT,table-llava-v1.5-7b-hf,latex,size_detection,0,619,0.0
VLM-TEXT,table-llava-v1.5-7b-hf,latex,number_of_rows,148,619,23.9
VLM-TEXT,table-llava-v1.5-7b-hf,latex,number_of_columns,59,619,9.5
VLM-TEXT,table-llava-v1.5-7b-hf,latex,cell_lookup,3,619,0.5
VLM-TEXT,table-llava-v1.5-7b-hf,latex,reverse_lookup,9,619,1.5
VLM-TEXT,table-llava-v1.5-7b-hf,latex,column_retrieval,48,619,7.8
VLM-TEXT,table-llava-v1.5-7b-hf,latex,row_retrieval,0,619,0.0
VLM-TEXT,table-llava-v1.5-7b-hf,latex,OVERALL,511,6190,8.3
LLM,Qwen2.5-7B-Instruct,html,table_partition,104,629,16.5
LLM,Qwen2.5-7B-Instruct,html,table_first_cell,590,629,93.8
LLM,Qwen2.5-7B-Instruct,html,table_last_cell,355,629,56.4
LLM,Qwen2.5-7B-Instruct,html,size_detection,211,629,33.5
LLM,Qwen2.5-7B-Instruct,html,number_of_rows,329,629,52.3
LLM,Qwen2.5-7B-Instruct,html,number_of_columns,503,629,80.0
LLM,Qwen2.5-7B-Instruct,html,cell_lookup,160,629,25.4
LLM,Qwen2.5-7B-Instruct,html,reverse_lookup,87,629,13.8
LLM,Qwen2.5-7B-Instruct,html,column_retrieval,471,629,74.9
LLM,Qwen2.5-7B-Instruct,html,row_retrieval,32,629,5.1
LLM,Qwen2.5-7B-Instruct,html,OVERALL,2842,6290,45.2
LLM,Qwen2.5-7B-Instruct,markdown,table_partition,36,629,5.7
LLM,Qwen2.5-7B-Instruct,markdown,table_first_cell,345,629,54.8
LLM,Qwen2.5-7B-Instruct,markdown,table_last_cell,332,629,52.8
LLM,Qwen2.5-7B-Instruct,markdown,size_detection,111,629,17.6
LLM,Qwen2.5-7B-Instruct,markdown,number_of_rows,393,629,62.5
LLM,Qwen2.5-7B-Instruct,markdown,number_of_columns,275,629,43.7
LLM,Qwen2.5-7B-Instruct,markdown,cell_lookup,51,629,8.1
LLM,Qwen2.5-7B-Instruct,markdown,reverse_lookup,57,629,9.1
LLM,Qwen2.5-7B-Instruct,markdown,column_retrieval,328,629,52.1
LLM,Qwen2.5-7B-Instruct,markdown,row_retrieval,18,629,2.9
LLM,Qwen2.5-7B-Instruct,markdown,OVERALL,1946,6290,30.9
LLM,Qwen2.5-7B-Instruct,latex,table_partition,62,629,9.9
LLM,Qwen2.5-7B-Instruct,latex,table_first_cell,276,629,43.9
LLM,Qwen2.5-7B-Instruct,latex,table_last_cell,338,629,53.7
LLM,Qwen2.5-7B-Instruct,latex,size_detection,215,629,34.2
LLM,Qwen2.5-7B-Instruct,latex,number_of_rows,216,629,34.3
LLM,Qwen2.5-7B-Instruct,latex,number_of_columns,623,629,99.0
LLM,Qwen2.5-7B-Instruct,latex,cell_lookup,46,629,7.3
LLM,Qwen2.5-7B-Instruct,latex,reverse_lookup,31,629,4.9
LLM,Qwen2.5-7B-Instruct,latex,column_retrieval,383,629,60.9
LLM,Qwen2.5-7B-Instruct,latex,row_retrieval,28,629,4.5
LLM,Qwen2.5-7B-Instruct,latex,OVERALL,2218,6290,35.3
LLM,Qwen3-30B-A3B-Instruct-2507,html,table_partition,277,629,44.0
LLM,Qwen3-30B-A3B-Instruct-2507,html,table_first_cell,588,629,93.5
LLM,Qwen3-30B-A3B-Instruct-2507,html,table_last_cell,423,629,67.2
LLM,Qwen3-30B-A3B-Instruct-2507,html,size_detection,454,629,72.2
LLM,Qwen3-30B-A3B-Instruct-2507,html,number_of_rows,510,629,81.1
LLM,Qwen3-30B-A3B-Instruct-2507,html,number_of_columns,565,629,89.8
LLM,Qwen3-30B-A3B-Instruct-2507,html,cell_lookup,283,629,45.0
LLM,Qwen3-30B-A3B-Instruct-2507,html,reverse_lookup,155,629,24.6
LLM,Qwen3-30B-A3B-Instruct-2507,html,column_retrieval,511,629,81.2
LLM,Qwen3-30B-A3B-Instruct-2507,html,row_retrieval,24,629,3.8
LLM,Qwen3-30B-A3B-Instruct-2507,html,OVERALL,3790,6290,60.3
LLM,Qwen3-30B-A3B-Instruct-2507,markdown,table_partition,144,629,22.9
LLM,Qwen3-30B-A3B-Instruct-2507,markdown,table_first_cell,520,629,82.7
LLM,Qwen3-30B-A3B-Instruct-2507,markdown,table_last_cell,346,629,55.0
LLM,Qwen3-30B-A3B-Instruct-2507,markdown,size_detection,362,629,57.6
LLM,Qwen3-30B-A3B-Instruct-2507,markdown,number_of_rows,475,629,75.5
LLM,Qwen3-30B-A3B-Instruct-2507,markdown,number_of_columns,279,629,44.4
LLM,Qwen3-30B-A3B-Instruct-2507,markdown,cell_lookup,184,629,29.3
LLM,Qwen3-30B-A3B-Instruct-2507,markdown,reverse_lookup,57,629,9.1
LLM,Qwen3-30B-A3B-Instruct-2507,markdown,column_retrieval,395,629,62.8
LLM,Qwen3-30B-A3B-Instruct-2507,markdown,row_retrieval,8,629,1.3
LLM,Qwen3-30B-A3B-Instruct-2507,markdown,OVERALL,2770,6290,44.0
LLM,Qwen3-30B-A3B-Instruct-2507,latex,table_partition,158,629,25.1
LLM,Qwen3-30B-A3B-Instruct-2507,latex,table_first_cell,567,629,90.1
LLM,Qwen3-30B-A3B-Instruct-2507,latex,table_last_cell,377,629,59.9
LLM,Qwen3-30B-A3B-Instruct-2507,latex,size_detection,286,629,45.5
LLM,Qwen3-30B-A3B-Instruct-2507,latex,number_of_rows,322,629,51.2
LLM,Qwen3-30B-A3B-Instruct-2507,latex,number_of_columns,537,629,85.4
LLM,Qwen3-30B-A3B-Instruct-2507,latex,cell_lookup,178,629,28.3
LLM,Qwen3-30B-A3B-Instruct-2507,latex,reverse_lookup,57,629,9.1
LLM,Qwen3-30B-A3B-Instruct-2507,latex,column_retrieval,416,629,66.1
LLM,Qwen3-30B-A3B-Instruct-2507,latex,row_retrieval,11,629,1.7
LLM,Qwen3-30B-A3B-Instruct-2507,latex,OVERALL,2909,6290,46.2
LLM,TAMA-QWen3,html,table_partition,0,629,0.0
LLM,TAMA-QWen3,html,table_first_cell,0,629,0.0
LLM,TAMA-QWen3,html,table_last_cell,0,629,0.0
LLM,TAMA-QWen3,html,size_detection,9,629,1.4
LLM,TAMA-QWen3,html,number_of_rows,42,629,6.7
LLM,TAMA-QWen3,html,number_of_columns,150,629,23.8
LLM,TAMA-QWen3,html,cell_lookup,109,629,17.3
LLM,TAMA-QWen3,html,reverse_lookup,0,629,0.0
LLM,TAMA-QWen3,html,column_retrieval,0,629,0.0
LLM,TAMA-QWen3,html,row_retrieval,0,629,0.0
LLM,TAMA-QWen3,html,OVERALL,310,6290,4.9
LLM,TAMA-QWen3,markdown,table_partition,0,629,0.0
LLM,TAMA-QWen3,markdown,table_first_cell,0,629,0.0
LLM,TAMA-QWen3,markdown,table_last_cell,0,629,0.0
LLM,TAMA-QWen3,markdown,size_detection,0,629,0.0
LLM,TAMA-QWen3,markdown,number_of_rows,21,629,3.3
LLM,TAMA-QWen3,markdown,number_of_columns,87,629,13.8
LLM,TAMA-QWen3,markdown,cell_lookup,48,629,7.6
LLM,TAMA-QWen3,markdown,reverse_lookup,0,629,0.0
LLM,TAMA-QWen3,markdown,column_retrieval,0,629,0.0
LLM,TAMA-QWen3,markdown,row_retrieval,0,629,0.0
LLM,TAMA-QWen3,markdown,OVERALL,156,6290,2.5
LLM,TAMA-QWen3,latex,table_partition,0,629,0.0
LLM,TAMA-QWen3,latex,table_first_cell,0,629,0.0
LLM,TAMA-QWen3,latex,table_last_cell,0,629,0.0
LLM,TAMA-QWen3,latex,size_detection,5,629,0.8
LLM,TAMA-QWen3,latex,number_of_rows,8,629,1.3
LLM,TAMA-QWen3,latex,number_of_columns,186,629,29.6
LLM,TAMA-QWen3,latex,cell_lookup,56,629,8.9
LLM,TAMA-QWen3,latex,reverse_lookup,0,629,0.0
LLM,TAMA-QWen3,latex,column_retrieval,0,629,0.0
LLM,TAMA-QWen3,latex,row_retrieval,0,629,0.0
LLM,TAMA-QWen3,latex,OVERALL,255,6290,4.1
LLM,TableGPT2-7B,html,table_partition,126,629,20.0
LLM,TableGPT2-7B,html,table_first_cell,585,629,93.0
LLM,TableGPT2-7B,html,table_last_cell,421,629,66.9
LLM,TableGPT2-7B,html,size_detection,277,629,44.0
LLM,TableGPT2-7B,html,number_of_rows,308,629,49.0
LLM,TableGPT2-7B,html,number_of_columns,495,629,78.7
LLM,TableGPT2-7B,html,cell_lookup,85,629,13.5
LLM,TableGPT2-7B,html,reverse_lookup,78,629,12.4
LLM,TableGPT2-7B,html,column_retrieval,415,629,66.0
LLM,TableGPT2-7B,html,row_retrieval,29,629,4.6
LLM,TableGPT2-7B,html,OVERALL,2819,6290,44.8
LLM,TableGPT2-7B,markdown,table_partition,32,629,5.1
LLM,TableGPT2-7B,markdown,table_first_cell,418,629,66.5
LLM,TableGPT2-7B,markdown,table_last_cell,356,629,56.6
LLM,TableGPT2-7B,markdown,size_detection,253,629,40.2
LLM,TableGPT2-7B,markdown,number_of_rows,425,629,67.6
LLM,TableGPT2-7B,markdown,number_of_columns,321,629,51.0
LLM,TableGPT2-7B,markdown,cell_lookup,42,629,6.7
LLM,TableGPT2-7B,markdown,reverse_lookup,57,629,9.1
LLM,TableGPT2-7B,markdown,column_retrieval,306,629,48.6
LLM,TableGPT2-7B,markdown,row_retrieval,19,629,3.0
LLM,TableGPT2-7B,markdown,OVERALL,2229,6290,35.4
LLM,TableGPT2-7B,latex,table_partition,109,629,17.3
LLM,TableGPT2-7B,latex,table_first_cell,557,629,88.6
LLM,TableGPT2-7B,latex,table_last_cell,423,629,67.2
LLM,TableGPT2-7B,latex,size_detection,252,629,40.1
LLM,TableGPT2-7B,latex,number_of_rows,255,629,40.5
LLM,TableGPT2-7B,latex,number_of_columns,624,629,99.2
LLM,TableGPT2-7B,latex,cell_lookup,39,629,6.2
LLM,TableGPT2-7B,latex,reverse_lookup,45,629,7.2
LLM,TableGPT2-7B,latex,column_retrieval,357,629,56.8
LLM,TableGPT2-7B,latex,row_retrieval,34,629,5.4
LLM,TableGPT2-7B,latex,OVERALL,2695,6290,42.8
