pipeline,model,dataset,input_format,output_format,grits_top,grits_con,grits_precision_top,grits_recall_top,grits_precision_con,grits_recall_con,count
VLM,InternVL3.5-14B,wikitq,html,html,0.9594,0.8989,0.9865,0.9524,0.9124,0.8957,179
VLM,InternVL3.5-14B,hybridqa,html,html,0.9974,0.961,0.9965,0.9986,0.9603,0.9619,148
VLM,InternVL3.5-14B,sqa,html,html,0.9972,0.9861,1.0,0.9956,0.9887,0.9847,102
VLM,InternVL3.5-14B,tabfact,html,html,1.0,0.9815,1.0,1.0,0.9815,0.9815,124
VLM,InternVL3.5-14B,feverous,html,html,0.9958,0.9542,0.9973,0.9951,0.9542,0.9545,76
VLM,InternVL3.5-14B,wikitq,html,markdown,0.9703,0.8989,0.9929,0.967,0.9041,0.8983,179
VLM,InternVL3.5-14B,hybridqa,html,markdown,0.994,0.9544,1.0,0.993,0.9604,0.9535,148
VLM,InternVL3.5-14B,sqa,html,markdown,0.9969,0.9587,0.9995,0.9956,0.961,0.9576,102
VLM,InternVL3.5-14B,tabfact,html,markdown,1.0,0.9694,1.0,1.0,0.9694,0.9694,124
VLM,InternVL3.5-14B,feverous,html,markdown,0.9886,0.9464,1.0,0.9877,0.9578,0.9455,76
VLM,InternVL3.5-14B,wikitq,html,latex,0.8644,0.8286,0.9138,0.8448,0.8673,0.8122,179
VLM,InternVL3.5-14B,hybridqa,html,latex,0.9977,0.9579,0.997,0.9989,0.9572,0.959,148
VLM,InternVL3.5-14B,sqa,html,latex,0.9814,0.9606,0.9768,0.9902,0.9569,0.967,102
VLM,InternVL3.5-14B,tabfact,html,latex,0.9977,0.9741,0.9957,1.0,0.9723,0.9763,124
VLM,InternVL3.5-14B,feverous,html,latex,0.9842,0.9346,0.9761,0.9979,0.9286,0.9445,76
VLM,InternVL3.5-14B,wikitq,markdown,html,0.9738,0.8902,0.9969,0.9664,0.8996,0.8868,179
VLM,InternVL3.5-14B,hybridqa,markdown,html,0.9991,0.937,0.9999,0.9984,0.9374,0.9367,148
VLM,InternVL3.5-14B,sqa,markdown,html,0.9994,0.9279,0.9989,1.0,0.9275,0.9282,102
VLM,InternVL3.5-14B,tabfact,markdown,html,1.0,0.9762,1.0,1.0,0.9762,0.9762,124
VLM,InternVL3.5-14B,feverous,markdown,html,0.9893,0.9356,0.9895,0.992,0.9377,0.9337,76
VLM,InternVL3.5-14B,wikitq,markdown,markdown,0.97,0.8991,0.9871,0.9724,0.9062,0.8996,179
VLM,InternVL3.5-14B,hybridqa,markdown,markdown,0.9865,0.9234,0.9997,0.9849,0.9362,0.9222,148
VLM,InternVL3.5-14B,sqa,markdown,markdown,0.9924,0.9481,0.9914,1.0,0.948,0.9487,102
VLM,InternVL3.5-14B,tabfact,markdown,markdown,1.0,0.9654,1.0,1.0,0.9654,0.9654,124
VLM,InternVL3.5-14B,feverous,markdown,markdown,0.9809,0.9361,0.9934,0.9792,0.9485,0.9345,76
VLM,InternVL3.5-14B,wikitq,markdown,latex,0.8764,0.8334,0.9267,0.8524,0.877,0.8129,179
VLM,InternVL3.5-14B,hybridqa,markdown,latex,0.9957,0.9375,1.0,0.9921,0.9409,0.9347,148
VLM,InternVL3.5-14B,sqa,markdown,latex,0.9886,0.9285,0.9874,0.9902,0.9277,0.9296,102
VLM,InternVL3.5-14B,tabfact,markdown,latex,0.9981,0.9693,0.9975,0.999,0.9686,0.9702,124
VLM,InternVL3.5-14B,feverous,markdown,latex,0.9891,0.9398,0.9885,0.9927,0.9404,0.9406,76
VLM,InternVL3.5-14B,wikitq,latex,html,0.8986,0.838,0.8974,0.9372,0.8279,0.87,179
VLM,InternVL3.5-14B,hybridqa,latex,html,0.9893,0.9471,0.9863,0.9935,0.9444,0.9508,148
VLM,InternVL3.5-14B,sqa,latex,html,0.9979,0.9802,0.996,1.0,0.9784,0.9823,102
VLM,InternVL3.5-14B,tabfact,latex,html,0.9978,0.9809,0.9971,0.9987,0.9803,0.9816,124
VLM,InternVL3.5-14B,feverous,latex,html,0.9731,0.944,0.9643,0.9881,0.9357,0.9564,76
VLM,InternVL3.5-14B,wikitq,latex,markdown,0.9293,0.8475,0.9289,0.9627,0.8388,0.8722,179
VLM,InternVL3.5-14B,hybridqa,latex,markdown,0.9742,0.9295,0.9986,0.9732,0.9417,0.9291,148
VLM,InternVL3.5-14B,sqa,latex,markdown,1.0,0.949,1.0,1.0,0.949,0.949,102
VLM,InternVL3.5-14B,tabfact,latex,markdown,0.9956,0.9552,0.9927,1.0,0.9524,0.9593,124
VLM,InternVL3.5-14B,feverous,latex,markdown,0.9838,0.9334,0.9939,0.9845,0.9342,0.9336,76
VLM,InternVL3.5-14B,wikitq,latex,latex,0.8602,0.8538,0.8706,0.8588,0.8593,0.8548,179
VLM,InternVL3.5-14B,hybridqa,latex,latex,0.9934,0.952,0.9923,0.9951,0.9513,0.9531,148
VLM,InternVL3.5-14B,sqa,latex,latex,0.9894,0.9725,0.9841,0.999,0.9671,0.9825,102
VLM,InternVL3.5-14B,tabfact,latex,latex,0.9919,0.9733,0.991,0.9931,0.9724,0.9744,124
VLM,InternVL3.5-14B,feverous,latex,latex,0.9901,0.9442,0.9873,0.9955,0.9422,0.9475,76
VLM,InternVL3.5-30B-A3B,wikitq,html,html,0.9541,0.8982,0.9869,0.9462,0.9173,0.8944,179
VLM,InternVL3.5-30B-A3B,hybridqa,html,html,0.9929,0.9593,0.991,0.9958,0.9571,0.9626,148
VLM,InternVL3.5-30B-A3B,sqa,html,html,0.9941,0.9842,0.9911,0.9988,0.9812,0.9888,102
VLM,InternVL3.5-30B-A3B,tabfact,html,html,0.9997,0.9847,0.9995,0.9999,0.9845,0.9849,124
VLM,InternVL3.5-30B-A3B,feverous,html,html,0.9875,0.9579,0.9865,0.991,0.9556,0.9622,76
VLM,InternVL3.5-30B-A3B,wikitq,html,markdown,0.9706,0.8973,0.9964,0.9657,0.9067,0.8951,179
VLM,InternVL3.5-30B-A3B,hybridqa,html,markdown,1.0,0.9601,1.0,1.0,0.9601,0.9601,148
VLM,InternVL3.5-30B-A3B,sqa,html,markdown,0.9913,0.9565,1.0,0.9905,0.9567,0.9564,102
VLM,InternVL3.5-30B-A3B,tabfact,html,markdown,1.0,0.9798,1.0,1.0,0.9798,0.9798,124
VLM,InternVL3.5-30B-A3B,feverous,html,markdown,0.989,0.9468,1.0,0.9866,0.9526,0.9452,76
VLM,InternVL3.5-30B-A3B,wikitq,html,latex,0.8484,0.8192,0.8912,0.835,0.8502,0.809,179
VLM,InternVL3.5-30B-A3B,hybridqa,html,latex,0.9844,0.9495,0.9791,0.998,0.9455,0.9585,148
VLM,InternVL3.5-30B-A3B,sqa,html,latex,0.9974,0.9875,0.9952,0.9999,0.9855,0.99,102
VLM,InternVL3.5-30B-A3B,tabfact,html,latex,0.9904,0.9738,0.9968,0.992,0.9723,0.9754,124
VLM,InternVL3.5-30B-A3B,feverous,html,latex,0.9852,0.9341,0.9776,0.997,0.9282,0.9428,76
VLM,InternVL3.5-30B-A3B,wikitq,markdown,html,0.9676,0.8908,0.9953,0.9594,0.8992,0.8873,179
VLM,InternVL3.5-30B-A3B,hybridqa,markdown,html,0.9983,0.9474,0.9999,0.997,0.9482,0.9467,148
VLM,InternVL3.5-30B-A3B,sqa,markdown,html,0.998,0.9358,1.0,0.9966,0.9366,0.9353,102
VLM,InternVL3.5-30B-A3B,tabfact,markdown,html,1.0,0.9765,1.0,1.0,0.9765,0.9765,124
VLM,InternVL3.5-30B-A3B,feverous,markdown,html,0.9889,0.9352,0.9916,0.9899,0.9374,0.9348,76
VLM,InternVL3.5-30B-A3B,wikitq,markdown,markdown,0.9726,0.8907,0.9914,0.9719,0.8924,0.8918,179
VLM,InternVL3.5-30B-A3B,hybridqa,markdown,markdown,0.9862,0.9346,0.9997,0.9832,0.9391,0.9329,148
VLM,InternVL3.5-30B-A3B,sqa,markdown,markdown,0.9954,0.9747,0.9939,0.9996,0.9744,0.9756,102
VLM,InternVL3.5-30B-A3B,tabfact,markdown,markdown,0.9993,0.9788,0.9986,1.0,0.9782,0.9795,124
VLM,InternVL3.5-30B-A3B,feverous,markdown,markdown,0.9938,0.9376,0.994,0.9959,0.9386,0.9378,76
VLM,InternVL3.5-30B-A3B,wikitq,markdown,latex,0.881,0.8346,0.927,0.8578,0.8707,0.8159,179
VLM,InternVL3.5-30B-A3B,hybridqa,markdown,latex,0.9891,0.9396,0.9885,0.9905,0.9388,0.9409,148
VLM,InternVL3.5-30B-A3B,sqa,markdown,latex,0.9902,0.9416,0.9902,0.9902,0.9416,0.9416,102
VLM,InternVL3.5-30B-A3B,tabfact,markdown,latex,0.999,0.967,0.9982,1.0,0.9663,0.9679,124
VLM,InternVL3.5-30B-A3B,feverous,markdown,latex,0.9927,0.9388,0.9922,0.9955,0.9391,0.9395,76
VLM,InternVL3.5-30B-A3B,wikitq,latex,html,0.8915,0.8237,0.8904,0.9397,0.8135,0.8607,179
VLM,InternVL3.5-30B-A3B,hybridqa,latex,html,0.9968,0.9623,0.9958,0.9981,0.9614,0.9635,148
VLM,InternVL3.5-30B-A3B,sqa,latex,html,0.9982,0.9807,0.9967,0.9999,0.9792,0.9825,102
VLM,InternVL3.5-30B-A3B,tabfact,latex,html,0.9962,0.9848,0.9941,0.9989,0.9826,0.9875,124
VLM,InternVL3.5-30B-A3B,feverous,latex,html,0.9783,0.9342,0.9762,0.9833,0.9287,0.9413,76
VLM,InternVL3.5-30B-A3B,wikitq,latex,markdown,0.9189,0.8363,0.9107,0.9654,0.8222,0.8663,179
VLM,InternVL3.5-30B-A3B,hybridqa,latex,markdown,0.9802,0.9326,0.9973,0.9785,0.9382,0.9319,148
VLM,InternVL3.5-30B-A3B,sqa,latex,markdown,0.9925,0.9556,1.0,0.9915,0.9593,0.9551,102
VLM,InternVL3.5-30B-A3B,tabfact,latex,markdown,1.0,0.9832,1.0,1.0,0.9832,0.9832,124
VLM,InternVL3.5-30B-A3B,feverous,latex,markdown,0.9866,0.9273,1.0,0.9823,0.9294,0.9256,76
VLM,InternVL3.5-30B-A3B,wikitq,latex,latex,0.8458,0.8397,0.8532,0.8489,0.8418,0.8448,179
VLM,InternVL3.5-30B-A3B,hybridqa,latex,latex,0.9886,0.9433,0.9807,0.9981,0.9359,0.9521,148
VLM,InternVL3.5-30B-A3B,sqa,latex,latex,0.9922,0.9703,0.9868,0.9999,0.965,0.9779,102
VLM,InternVL3.5-30B-A3B,tabfact,latex,latex,0.9948,0.9806,0.9903,1.0,0.9761,0.9857,124
VLM,InternVL3.5-30B-A3B,feverous,latex,latex,0.9708,0.8844,0.9615,0.9845,0.8753,0.8973,76
VLM,Qwen3-VL-30B-A3B-Instruct,wikitq,html,html,0.9623,0.9574,0.9903,0.954,0.9851,0.9493,179
VLM,Qwen3-VL-30B-A3B-Instruct,hybridqa,html,html,0.996,0.9894,0.9934,0.9992,0.9868,0.9926,148
VLM,Qwen3-VL-30B-A3B-Instruct,sqa,html,html,0.9974,0.9949,0.9958,0.9994,0.9931,0.9968,102
VLM,Qwen3-VL-30B-A3B-Instruct,tabfact,html,html,1.0,0.9928,1.0,1.0,0.9928,0.9928,124
VLM,Qwen3-VL-30B-A3B-Instruct,feverous,html,html,0.9746,0.9581,0.9671,0.9891,0.9502,0.9734,76
VLM,Qwen3-VL-30B-A3B-Instruct,wikitq,html,markdown,0.9875,0.9777,0.993,0.987,0.9829,0.9773,179
VLM,Qwen3-VL-30B-A3B-Instruct,hybridqa,html,markdown,0.996,0.988,0.993,1.0,0.985,0.992,148
VLM,Qwen3-VL-30B-A3B-Instruct,sqa,html,markdown,0.9967,0.9707,0.9939,1.0,0.9679,0.974,102
VLM,Qwen3-VL-30B-A3B-Instruct,tabfact,html,markdown,0.996,0.9903,0.9926,1.0,0.9869,0.9943,124
VLM,Qwen3-VL-30B-A3B-Instruct,feverous,html,markdown,0.9816,0.9592,0.9689,1.0,0.9471,0.977,76
VLM,Qwen3-VL-30B-A3B-Instruct,wikitq,html,latex,0.7601,0.7142,0.8529,0.7623,0.7595,0.7138,179
VLM,Qwen3-VL-30B-A3B-Instruct,hybridqa,html,latex,0.8251,0.794,0.8907,0.852,0.7964,0.8171,148
VLM,Qwen3-VL-30B-A3B-Instruct,sqa,html,latex,0.8728,0.8445,0.8948,0.9059,0.8324,0.8711,102
VLM,Qwen3-VL-30B-A3B-Instruct,tabfact,html,latex,0.9386,0.9136,0.9455,0.9597,0.9007,0.933,124
VLM,Qwen3-VL-30B-A3B-Instruct,feverous,html,latex,0.8836,0.8046,0.8837,0.9209,0.8006,0.8338,76
VLM,Qwen3-VL-30B-A3B-Instruct,wikitq,markdown,html,0.9671,0.9525,0.9993,0.955,0.984,0.9407,179
VLM,Qwen3-VL-30B-A3B-Instruct,hybridqa,markdown,html,0.9998,0.9768,0.9998,0.9998,0.9768,0.9768,148
VLM,Qwen3-VL-30B-A3B-Instruct,sqa,markdown,html,1.0,0.9688,1.0,1.0,0.9688,0.9688,102
VLM,Qwen3-VL-30B-A3B-Instruct,tabfact,markdown,html,0.9998,0.9875,0.9995,1.0,0.9873,0.9877,124
VLM,Qwen3-VL-30B-A3B-Instruct,feverous,markdown,html,0.9957,0.9645,1.0,0.9931,0.9684,0.962,76
VLM,Qwen3-VL-30B-A3B-Instruct,wikitq,markdown,markdown,0.9881,0.9775,0.995,0.9858,0.9842,0.9752,179
VLM,Qwen3-VL-30B-A3B-Instruct,hybridqa,markdown,markdown,1.0,0.9877,1.0,1.0,0.9877,0.9877,148
VLM,Qwen3-VL-30B-A3B-Instruct,sqa,markdown,markdown,1.0,0.9921,1.0,1.0,0.9921,0.9921,102
VLM,Qwen3-VL-30B-A3B-Instruct,tabfact,markdown,markdown,1.0,0.9928,1.0,1.0,0.9928,0.9928,124
VLM,Qwen3-VL-30B-A3B-Instruct,feverous,markdown,markdown,0.999,0.9719,1.0,0.9981,0.9724,0.9714,76
VLM,Qwen3-VL-30B-A3B-Instruct,wikitq,markdown,latex,0.8967,0.838,0.9526,0.869,0.8833,0.8149,179
VLM,Qwen3-VL-30B-A3B-Instruct,hybridqa,markdown,latex,0.9976,0.9778,0.9984,0.9971,0.9785,0.9773,148
VLM,Qwen3-VL-30B-A3B-Instruct,sqa,markdown,latex,1.0,0.9708,1.0,1.0,0.9708,0.9708,102
VLM,Qwen3-VL-30B-A3B-Instruct,tabfact,markdown,latex,0.9996,0.9848,0.9992,1.0,0.9845,0.9852,124
VLM,Qwen3-VL-30B-A3B-Instruct,feverous,markdown,latex,0.9993,0.9296,0.9999,0.9987,0.9302,0.929,76
VLM,Qwen3-VL-30B-A3B-Instruct,wikitq,latex,html,0.9132,0.8711,0.9267,0.9385,0.8858,0.8847,179
VLM,Qwen3-VL-30B-A3B-Instruct,hybridqa,latex,html,0.996,0.985,1.0,0.9927,0.9885,0.982,148
VLM,Qwen3-VL-30B-A3B-Instruct,sqa,latex,html,1.0,0.992,1.0,1.0,0.992,0.992,102
VLM,Qwen3-VL-30B-A3B-Instruct,tabfact,latex,html,0.9988,0.9954,0.9988,0.9988,0.9954,0.9954,124
VLM,Qwen3-VL-30B-A3B-Instruct,feverous,latex,html,0.987,0.9504,0.9968,0.9801,0.9582,0.945,76
VLM,Qwen3-VL-30B-A3B-Instruct,wikitq,latex,markdown,0.9281,0.8815,0.9157,0.9726,0.8724,0.9114,179
VLM,Qwen3-VL-30B-A3B-Instruct,hybridqa,latex,markdown,0.996,0.9785,0.9986,0.994,0.9806,0.9768,148
VLM,Qwen3-VL-30B-A3B-Instruct,sqa,latex,markdown,1.0,0.9717,1.0,1.0,0.9717,0.9717,102
VLM,Qwen3-VL-30B-A3B-Instruct,tabfact,latex,markdown,0.9995,0.9924,0.9991,1.0,0.9921,0.9928,124
VLM,Qwen3-VL-30B-A3B-Instruct,feverous,latex,markdown,0.9991,0.9599,0.9984,1.0,0.9594,0.9604,76
VLM,Qwen3-VL-30B-A3B-Instruct,wikitq,latex,latex,0.8794,0.8924,0.8924,0.8816,0.8922,0.8954,179
VLM,Qwen3-VL-30B-A3B-Instruct,hybridqa,latex,latex,0.9942,0.9783,0.9921,0.9975,0.9762,0.9814,148
VLM,Qwen3-VL-30B-A3B-Instruct,sqa,latex,latex,0.9918,0.9894,0.9857,0.9989,0.9832,0.9967,102
VLM,Qwen3-VL-30B-A3B-Instruct,tabfact,latex,latex,0.9934,0.9822,0.9877,1.0,0.9769,0.9884,124
VLM,Qwen3-VL-30B-A3B-Instruct,feverous,latex,latex,0.9928,0.916,0.9931,0.9937,0.9163,0.9167,76
VLM,Qwen3-VL-8B-Instruct,wikitq,html,html,0.9692,0.9607,0.9993,0.958,0.9897,0.9499,179
VLM,Qwen3-VL-8B-Instruct,hybridqa,html,html,1.0,0.9888,1.0,1.0,0.9888,0.9888,148
VLM,Qwen3-VL-8B-Instruct,sqa,html,html,1.0,0.998,1.0,1.0,0.998,0.998,102
VLM,Qwen3-VL-8B-Instruct,tabfact,html,html,1.0,0.9883,1.0,1.0,0.9883,0.9883,124
VLM,Qwen3-VL-8B-Instruct,feverous,html,html,0.9933,0.9722,0.9974,0.9905,0.9759,0.9697,76
VLM,Qwen3-VL-8B-Instruct,wikitq,html,markdown,0.9893,0.9788,0.9978,0.9856,0.9868,0.9754,179
VLM,Qwen3-VL-8B-Instruct,hybridqa,html,markdown,1.0,0.9888,1.0,1.0,0.9888,0.9888,148
VLM,Qwen3-VL-8B-Instruct,sqa,html,markdown,1.0,0.9763,1.0,1.0,0.9763,0.9763,102
VLM,Qwen3-VL-8B-Instruct,tabfact,html,markdown,1.0,0.989,1.0,1.0,0.989,0.989,124
VLM,Qwen3-VL-8B-Instruct,feverous,html,markdown,0.999,0.9737,1.0,0.9981,0.9747,0.9728,76
VLM,Qwen3-VL-8B-Instruct,wikitq,html,latex,0.8717,0.819,0.9315,0.8462,0.8635,0.7979,179
VLM,Qwen3-VL-8B-Instruct,hybridqa,html,latex,0.9923,0.9784,0.9954,0.9935,0.9784,0.9795,148
VLM,Qwen3-VL-8B-Instruct,sqa,html,latex,0.9727,0.9677,0.9889,0.9714,0.9679,0.9675,102
VLM,Qwen3-VL-8B-Instruct,tabfact,html,latex,0.9853,0.9725,0.9923,0.9847,0.9723,0.9727,124
VLM,Qwen3-VL-8B-Instruct,feverous,html,latex,0.9937,0.9238,0.9921,0.9987,0.9235,0.9256,76
VLM,Qwen3-VL-8B-Instruct,wikitq,markdown,html,0.9699,0.9476,0.9983,0.9591,0.9746,0.9373,179
VLM,Qwen3-VL-8B-Instruct,hybridqa,markdown,html,0.9982,0.9862,0.9996,0.9971,0.9876,0.9851,148
VLM,Qwen3-VL-8B-Instruct,sqa,markdown,html,0.9998,0.9744,1.0,0.9996,0.9746,0.9743,102
VLM,Qwen3-VL-8B-Instruct,tabfact,markdown,html,0.9996,0.9895,0.9995,0.9998,0.9894,0.9896,124
VLM,Qwen3-VL-8B-Instruct,feverous,markdown,html,0.9926,0.9504,0.9985,0.9882,0.9553,0.9469,76
VLM,Qwen3-VL-8B-Instruct,wikitq,markdown,markdown,0.9891,0.9749,0.9981,0.9849,0.9832,0.9711,179
VLM,Qwen3-VL-8B-Instruct,hybridqa,markdown,markdown,0.9968,0.9794,1.0,0.9941,0.9819,0.9773,148
VLM,Qwen3-VL-8B-Instruct,sqa,markdown,markdown,0.9995,0.9956,1.0,0.9991,0.996,0.9952,102
VLM,Qwen3-VL-8B-Instruct,tabfact,markdown,markdown,0.9991,0.9933,1.0,0.9984,0.9942,0.9926,124
VLM,Qwen3-VL-8B-Instruct,feverous,markdown,markdown,0.9978,0.9647,1.0,0.9959,0.9661,0.9635,76
VLM,Qwen3-VL-8B-Instruct,wikitq,markdown,latex,0.8955,0.8343,0.9516,0.8668,0.8794,0.8103,179
VLM,Qwen3-VL-8B-Instruct,hybridqa,markdown,latex,0.9975,0.9764,1.0,0.9955,0.9785,0.9746,148
VLM,Qwen3-VL-8B-Instruct,sqa,markdown,latex,0.999,0.9724,0.9995,0.9986,0.9728,0.972,102
VLM,Qwen3-VL-8B-Instruct,tabfact,markdown,latex,0.999,0.989,1.0,0.9982,0.99,0.9882,124
VLM,Qwen3-VL-8B-Instruct,feverous,markdown,latex,0.9955,0.9177,0.9983,0.9932,0.92,0.9157,76
VLM,Qwen3-VL-8B-Instruct,wikitq,latex,html,0.9299,0.8784,0.9471,0.9461,0.8931,0.8872,179
VLM,Qwen3-VL-8B-Instruct,hybridqa,latex,html,0.9973,0.9858,0.9981,0.997,0.9866,0.9853,148
VLM,Qwen3-VL-8B-Instruct,sqa,latex,html,1.0,0.9925,1.0,1.0,0.9925,0.9925,102
VLM,Qwen3-VL-8B-Instruct,tabfact,latex,html,1.0,0.993,1.0,1.0,0.993,0.993,124
VLM,Qwen3-VL-8B-Instruct,feverous,latex,html,0.9893,0.9573,0.9952,0.985,0.9626,0.9534,76
VLM,Qwen3-VL-8B-Instruct,wikitq,latex,markdown,0.9444,0.8969,0.9436,0.9716,0.8974,0.9116,179
VLM,Qwen3-VL-8B-Instruct,hybridqa,latex,markdown,0.9962,0.9793,1.0,0.993,0.9825,0.9767,148
VLM,Qwen3-VL-8B-Instruct,sqa,latex,markdown,1.0,0.9693,1.0,1.0,0.9693,0.9693,102
VLM,Qwen3-VL-8B-Instruct,tabfact,latex,markdown,0.9991,0.9928,1.0,0.9984,0.9937,0.9921,124
VLM,Qwen3-VL-8B-Instruct,feverous,latex,markdown,0.9964,0.9571,1.0,0.9937,0.9601,0.955,76
VLM,Qwen3-VL-8B-Instruct,wikitq,latex,latex,0.89,0.8667,0.9154,0.8765,0.8879,0.8548,179
VLM,Qwen3-VL-8B-Instruct,hybridqa,latex,latex,0.9964,0.982,0.9964,0.997,0.9822,0.9824,148
VLM,Qwen3-VL-8B-Instruct,sqa,latex,latex,0.9993,0.996,0.9998,0.9989,0.9964,0.9955,102
VLM,Qwen3-VL-8B-Instruct,tabfact,latex,latex,0.9999,0.9955,1.0,0.9998,0.9956,0.9954,124
VLM,Qwen3-VL-8B-Instruct,feverous,latex,latex,0.9916,0.9126,0.9958,0.9885,0.9159,0.9101,76
VLM,SmolVLM2-2.2B-Instruct,wikitq,html,html,0.8079,0.6516,0.8206,0.8287,0.6504,0.6685,179
VLM,SmolVLM2-2.2B-Instruct,hybridqa,html,html,0.9122,0.7893,0.9182,0.9199,0.7944,0.7918,148
VLM,SmolVLM2-2.2B-Instruct,sqa,html,html,0.9134,0.8192,0.9092,0.9359,0.8173,0.8366,102
VLM,SmolVLM2-2.2B-Instruct,tabfact,html,html,0.9022,0.7857,0.9036,0.9089,0.7878,0.7895,124
VLM,SmolVLM2-2.2B-Instruct,feverous,html,html,0.8267,0.6732,0.8517,0.8347,0.694,0.6753,76
VLM,SmolVLM2-2.2B-Instruct,wikitq,html,markdown,0.7979,0.6483,0.8001,0.8387,0.6509,0.6561,179
VLM,SmolVLM2-2.2B-Instruct,hybridqa,html,markdown,0.9544,0.8308,0.9651,0.9691,0.8422,0.8364,148
VLM,SmolVLM2-2.2B-Instruct,sqa,html,markdown,0.9193,0.8054,0.9252,0.924,0.8097,0.8081,102
VLM,SmolVLM2-2.2B-Instruct,tabfact,html,markdown,0.8078,0.7239,0.8848,0.8193,0.7726,0.7301,124
VLM,SmolVLM2-2.2B-Instruct,feverous,html,markdown,0.8611,0.7134,0.8892,0.8671,0.7393,0.7095,76
VLM,SmolVLM2-2.2B-Instruct,wikitq,html,latex,0.7125,0.6013,0.7657,0.6877,0.6419,0.5822,179
VLM,SmolVLM2-2.2B-Instruct,hybridqa,html,latex,0.8601,0.7446,0.855,0.887,0.7397,0.7641,148
VLM,SmolVLM2-2.2B-Instruct,sqa,html,latex,0.9062,0.7973,0.938,0.8859,0.8243,0.7798,102
VLM,SmolVLM2-2.2B-Instruct,tabfact,html,latex,0.8393,0.726,0.8644,0.8247,0.7476,0.7128,124
VLM,SmolVLM2-2.2B-Instruct,feverous,html,latex,0.733,0.5712,0.7286,0.7858,0.5691,0.6059,76
VLM,SmolVLM2-2.2B-Instruct,wikitq,markdown,html,0.6375,0.524,0.6728,0.6333,0.5406,0.5217,179
VLM,SmolVLM2-2.2B-Instruct,hybridqa,markdown,html,0.6574,0.58,0.6648,0.685,0.5882,0.5825,148
VLM,SmolVLM2-2.2B-Instruct,sqa,markdown,html,0.6573,0.59,0.6563,0.6668,0.5909,0.5918,102
VLM,SmolVLM2-2.2B-Instruct,tabfact,markdown,html,0.7498,0.6782,0.7524,0.7513,0.6799,0.6799,124
VLM,SmolVLM2-2.2B-Instruct,feverous,markdown,html,0.5859,0.4868,0.608,0.5928,0.4901,0.4902,76
VLM,SmolVLM2-2.2B-Instruct,wikitq,markdown,markdown,0.7402,0.5984,0.7717,0.7796,0.6025,0.6108,179
VLM,SmolVLM2-2.2B-Instruct,hybridqa,markdown,markdown,0.8592,0.7478,0.9157,0.8945,0.8017,0.7486,148
VLM,SmolVLM2-2.2B-Instruct,sqa,markdown,markdown,0.8184,0.7558,0.8357,0.8467,0.7631,0.7629,102
VLM,SmolVLM2-2.2B-Instruct,tabfact,markdown,markdown,0.7105,0.647,0.8621,0.7037,0.7644,0.6413,124
VLM,SmolVLM2-2.2B-Instruct,feverous,markdown,markdown,0.8479,0.7148,0.9173,0.847,0.7576,0.7042,76
VLM,SmolVLM2-2.2B-Instruct,wikitq,markdown,latex,0.7085,0.605,0.767,0.6808,0.6468,0.5836,179
VLM,SmolVLM2-2.2B-Instruct,hybridqa,markdown,latex,0.7994,0.6836,0.7827,0.8405,0.6712,0.7152,148
VLM,SmolVLM2-2.2B-Instruct,sqa,markdown,latex,0.881,0.7727,0.9243,0.8573,0.8075,0.7502,102
VLM,SmolVLM2-2.2B-Instruct,tabfact,markdown,latex,0.7956,0.7252,0.8153,0.7843,0.7428,0.7152,124
VLM,SmolVLM2-2.2B-Instruct,feverous,markdown,latex,0.7775,0.626,0.7912,0.8137,0.6379,0.653,76
VLM,SmolVLM2-2.2B-Instruct,wikitq,latex,html,0.7235,0.5649,0.7583,0.7613,0.5703,0.5768,179
VLM,SmolVLM2-2.2B-Instruct,hybridqa,latex,html,0.8019,0.6636,0.7985,0.8731,0.6626,0.6818,148
VLM,SmolVLM2-2.2B-Instruct,sqa,latex,html,0.8726,0.7533,0.8838,0.886,0.7591,0.7603,102
VLM,SmolVLM2-2.2B-Instruct,tabfact,latex,html,0.8311,0.7323,0.8324,0.8411,0.7342,0.7373,124
VLM,SmolVLM2-2.2B-Instruct,feverous,latex,html,0.7439,0.5859,0.7697,0.7675,0.5979,0.587,76
VLM,SmolVLM2-2.2B-Instruct,wikitq,latex,markdown,0.8127,0.6155,0.8235,0.8682,0.6185,0.6342,126
VLM,SmolVLM2-2.2B-Instruct,hybridqa,latex,markdown,0.8374,0.6875,0.8644,0.9226,0.7041,0.6871,88
VLM,SmolVLM2-2.2B-Instruct,sqa,latex,markdown,0.9059,0.7748,0.9157,0.9182,0.7747,0.777,72
VLM,SmolVLM2-2.2B-Instruct,tabfact,latex,markdown,0.8778,0.7482,0.9267,0.9023,0.7716,0.7585,69
VLM,SmolVLM2-2.2B-Instruct,feverous,latex,markdown,0.8471,0.6683,0.8782,0.835,0.683,0.6604,32
VLM,SmolVLM2-2.2B-Instruct,wikitq,latex,latex,0.0,0.0,0.0,0.0,0.0,0.0,2
VLM,SmolVLM2-2.2B-Instruct,hybridqa,latex,latex,1.0,0.8476,1.0,1.0,0.8476,0.8476,2
VLM,SmolVLM2-2.2B-Instruct,sqa,latex,latex,0.8269,0.6346,0.8958,0.7679,0.6875,0.5893,1
VLM,gemini-3-flash-preview,wikitq,html,html,0.0241,0.0228,0.0513,0.0218,0.034,0.0209,178
VLM,gemini-3-flash-preview,hybridqa,html,html,0.0204,0.0204,0.0204,0.0204,0.0204,0.0204,147
VLM,gemini-3-flash-preview,sqa,html,html,0.0294,0.0294,0.0294,0.0294,0.0294,0.0294,102
VLM,gemini-3-flash-preview,tabfact,html,html,0.0484,0.0484,0.0484,0.0484,0.0484,0.0484,124
VLM,gemini-3-flash-preview,feverous,html,html,0.1974,0.1963,0.1974,0.1974,0.1963,0.1963,76
VLM,gemini-3-flash-preview,wikitq,html,markdown,0.9009,0.8807,0.9857,0.8867,0.9308,0.8689,179
VLM,gemini-3-flash-preview,hybridqa,html,markdown,0.9831,0.9775,0.9964,0.9797,0.99,0.9743,147
VLM,gemini-3-flash-preview,sqa,html,markdown,0.9731,0.9497,0.9879,0.9691,0.9609,0.9464,102
VLM,gemini-3-flash-preview,tabfact,html,markdown,0.9703,0.9657,0.9905,0.9652,0.9804,0.9615,124
VLM,gemini-3-flash-preview,feverous,html,markdown,0.9798,0.9614,0.9938,0.974,0.9735,0.9564,76
VLM,gemini-3-flash-preview,wikitq,html,latex,0.483,0.4787,0.5378,0.4751,0.5159,0.4713,179
VLM,gemini-3-flash-preview,hybridqa,html,latex,0.6748,0.6684,0.6995,0.6688,0.6846,0.6637,148
VLM,gemini-3-flash-preview,sqa,html,latex,0.7358,0.7303,0.7764,0.7315,0.7373,0.7281,102
VLM,gemini-3-flash-preview,tabfact,html,latex,0.7293,0.7281,0.7342,0.728,0.7323,0.727,124
VLM,gemini-3-flash-preview,feverous,html,latex,0.7122,0.7034,0.7492,0.712,0.7073,0.7044,76
VLM,gemini-3-flash-preview,wikitq,markdown,html,0.759,0.7285,0.8425,0.7469,0.7865,0.7174,179
VLM,gemini-3-flash-preview,hybridqa,markdown,html,0.8589,0.851,0.8815,0.8535,0.8719,0.846,147
VLM,gemini-3-flash-preview,sqa,markdown,html,0.9525,0.9329,0.96,0.9493,0.9403,0.9297,102
VLM,gemini-3-flash-preview,tabfact,markdown,html,0.9322,0.9302,0.9475,0.9273,0.9456,0.9254,124
VLM,gemini-3-flash-preview,feverous,markdown,html,0.8987,0.883,0.9273,0.8909,0.91,0.8755,76
VLM,gemini-3-flash-preview,wikitq,markdown,markdown,0.9035,0.8798,0.9888,0.8905,0.933,0.8689,179
VLM,gemini-3-flash-preview,hybridqa,markdown,markdown,0.9797,0.9731,1.0,0.975,0.9915,0.9687,147
VLM,gemini-3-flash-preview,sqa,markdown,markdown,0.9998,0.9997,1.0,0.9996,0.9999,0.9995,102
VLM,gemini-3-flash-preview,tabfact,markdown,markdown,0.9936,0.9928,1.0,0.9929,0.9972,0.9923,124
VLM,gemini-3-flash-preview,feverous,markdown,markdown,0.997,0.9814,1.0,0.9952,0.9841,0.9796,76
VLM,gemini-3-flash-preview,wikitq,markdown,latex,0.362,0.3572,0.3737,0.357,0.3734,0.3519,179
VLM,gemini-3-flash-preview,hybridqa,markdown,latex,0.5135,0.5117,0.5135,0.5135,0.5117,0.5117,148
VLM,gemini-3-flash-preview,sqa,markdown,latex,0.6373,0.6283,0.6373,0.6373,0.6283,0.6283,102
VLM,gemini-3-flash-preview,tabfact,markdown,latex,0.5963,0.595,0.596,0.5968,0.5946,0.5954,124
VLM,gemini-3-flash-preview,feverous,markdown,latex,0.5388,0.5284,0.5395,0.5382,0.529,0.5278,76
VLM,gemini-3-flash-preview,wikitq,latex,html,0.5376,0.501,0.7183,0.5037,0.6111,0.4769,179
VLM,gemini-3-flash-preview,hybridqa,latex,html,0.7412,0.7377,0.7654,0.7357,0.76,0.7326,147
VLM,gemini-3-flash-preview,sqa,latex,html,0.7155,0.7111,0.7246,0.712,0.7201,0.7076,102
VLM,gemini-3-flash-preview,tabfact,latex,html,0.6471,0.6468,0.6646,0.6426,0.6634,0.6423,124
VLM,gemini-3-flash-preview,feverous,latex,html,0.6212,0.6061,0.6542,0.611,0.6363,0.5969,76
VLM,gemini-3-flash-preview,wikitq,latex,markdown,0.7986,0.7524,0.9835,0.766,0.8621,0.7299,179
VLM,gemini-3-flash-preview,hybridqa,latex,markdown,0.9716,0.9638,1.0,0.9651,0.9895,0.9579,147
VLM,gemini-3-flash-preview,sqa,latex,markdown,0.9922,0.9656,1.0,0.9887,0.9728,0.9624,102
VLM,gemini-3-flash-preview,tabfact,latex,markdown,0.9865,0.9832,1.0,0.9833,0.9937,0.9804,124
VLM,gemini-3-flash-preview,feverous,latex,markdown,0.9865,0.9673,1.0,0.9822,0.9789,0.9635,76
VLM,gemini-3-flash-preview,wikitq,latex,latex,0.3745,0.3716,0.3799,0.3744,0.3716,0.3716,179
VLM,gemini-3-flash-preview,hybridqa,latex,latex,0.6486,0.6472,0.6486,0.6486,0.6472,0.6472,148
VLM,gemini-3-flash-preview,sqa,latex,latex,0.6814,0.676,0.6832,0.6803,0.6775,0.6752,102
VLM,gemini-3-flash-preview,tabfact,latex,latex,0.6694,0.6692,0.6694,0.6694,0.6692,0.6692,124
VLM,gemini-3-flash-preview,feverous,latex,latex,0.6316,0.6113,0.6316,0.6316,0.6113,0.6113,76
VLM,gemma_3-12B-IT,wikitq,html,html,0.8842,0.701,0.9235,0.8723,0.7119,0.6977,179
VLM,gemma_3-12B-IT,hybridqa,html,html,0.955,0.816,0.9592,0.96,0.8131,0.8241,148
VLM,gemma_3-12B-IT,sqa,html,html,0.9696,0.8836,0.9704,0.9758,0.8842,0.887,102
VLM,gemma_3-12B-IT,tabfact,html,html,0.9601,0.8213,0.9592,0.9677,0.8193,0.8288,124
VLM,gemma_3-12B-IT,feverous,html,html,0.9447,0.7784,0.9487,0.9478,0.779,0.7823,76
VLM,gemma_3-12B-IT,wikitq,html,markdown,0.9057,0.6981,0.9371,0.8992,0.7093,0.6969,179
VLM,gemma_3-12B-IT,hybridqa,html,markdown,0.9658,0.8271,0.9632,0.9759,0.8237,0.8345,148
VLM,gemma_3-12B-IT,sqa,html,markdown,0.976,0.8637,0.9744,0.982,0.8619,0.8681,102
VLM,gemma_3-12B-IT,tabfact,html,markdown,0.9718,0.8407,0.961,0.987,0.8319,0.8528,124
VLM,gemma_3-12B-IT,feverous,html,markdown,0.9505,0.768,0.9449,0.9728,0.7678,0.7802,76
VLM,gemma_3-12B-IT,wikitq,html,latex,0.8091,0.6343,0.875,0.7886,0.6705,0.623,179
VLM,gemma_3-12B-IT,hybridqa,html,latex,0.9419,0.7965,0.9382,0.9547,0.7935,0.8059,148
VLM,gemma_3-12B-IT,sqa,html,latex,0.9486,0.8518,0.9484,0.9615,0.8535,0.8588,102
VLM,gemma_3-12B-IT,tabfact,html,latex,0.9535,0.8132,0.9486,0.9643,0.8098,0.8211,124
VLM,gemma_3-12B-IT,feverous,html,latex,0.9398,0.7595,0.9294,0.9631,0.7547,0.7715,76
VLM,gemma_3-12B-IT,wikitq,markdown,html,0.9153,0.7112,0.9684,0.8913,0.7289,0.7009,179
VLM,gemma_3-12B-IT,hybridqa,markdown,html,0.9662,0.8081,0.9789,0.962,0.8097,0.8085,148
VLM,gemma_3-12B-IT,sqa,markdown,html,0.9756,0.8673,0.9803,0.9767,0.8711,0.8655,102
VLM,gemma_3-12B-IT,tabfact,markdown,html,0.9753,0.8518,0.9853,0.9702,0.8591,0.8485,124
VLM,gemma_3-12B-IT,feverous,markdown,html,0.945,0.804,0.9656,0.9368,0.8177,0.7946,76
VLM,gemma_3-12B-IT,wikitq,markdown,markdown,0.9204,0.7137,0.9525,0.9213,0.7234,0.7133,179
VLM,gemma_3-12B-IT,hybridqa,markdown,markdown,0.9622,0.8158,0.9754,0.9657,0.8177,0.8177,148
VLM,gemma_3-12B-IT,sqa,markdown,markdown,0.9886,0.8995,0.9903,0.9879,0.9013,0.8982,102
VLM,gemma_3-12B-IT,tabfact,markdown,markdown,0.9835,0.8709,0.988,0.9808,0.874,0.8691,124
VLM,gemma_3-12B-IT,feverous,markdown,markdown,0.9691,0.7848,0.987,0.959,0.7964,0.7781,76
VLM,gemma_3-12B-IT,wikitq,markdown,latex,0.8313,0.6519,0.9144,0.7936,0.696,0.6292,179
VLM,gemma_3-12B-IT,hybridqa,markdown,latex,0.9518,0.7891,0.971,0.9395,0.8023,0.7803,148
VLM,gemma_3-12B-IT,sqa,markdown,latex,0.9571,0.8502,0.9726,0.95,0.8648,0.8409,102
VLM,gemma_3-12B-IT,tabfact,markdown,latex,0.9654,0.8462,0.9667,0.9698,0.8479,0.8483,124
VLM,gemma_3-12B-IT,feverous,markdown,latex,0.9575,0.7648,0.9773,0.9446,0.7817,0.7529,76
VLM,gemma_3-12B-IT,wikitq,latex,html,0.8723,0.6655,0.9318,0.8558,0.6915,0.6567,179
VLM,gemma_3-12B-IT,hybridqa,latex,html,0.9688,0.7976,0.975,0.9698,0.7987,0.7986,148
VLM,gemma_3-12B-IT,sqa,latex,html,0.9834,0.868,0.9839,0.9853,0.8667,0.8708,102
VLM,gemma_3-12B-IT,tabfact,latex,html,0.9753,0.8533,0.9777,0.9767,0.8543,0.8544,124
VLM,gemma_3-12B-IT,feverous,latex,html,0.9354,0.7589,0.9465,0.9341,0.7678,0.7546,76
VLM,gemma_3-12B-IT,wikitq,latex,markdown,0.8984,0.6698,0.9181,0.9135,0.6782,0.6735,179
VLM,gemma_3-12B-IT,hybridqa,latex,markdown,0.971,0.7972,0.9801,0.9704,0.7998,0.7962,148
VLM,gemma_3-12B-IT,sqa,latex,markdown,0.9596,0.8303,0.957,0.9701,0.8258,0.8381,102
VLM,gemma_3-12B-IT,tabfact,latex,markdown,0.9801,0.8654,0.9818,0.9811,0.8658,0.8669,124
VLM,gemma_3-12B-IT,feverous,latex,markdown,0.9326,0.7478,0.9378,0.9388,0.7545,0.7442,76
VLM,gemma_3-12B-IT,wikitq,latex,latex,0.8183,0.6417,0.8965,0.7887,0.6795,0.6243,179
VLM,gemma_3-12B-IT,hybridqa,latex,latex,0.9282,0.7727,0.9464,0.9193,0.7869,0.7643,148
VLM,gemma_3-12B-IT,sqa,latex,latex,0.9448,0.8378,0.9471,0.9588,0.8463,0.8372,102
VLM,gemma_3-12B-IT,tabfact,latex,latex,0.9591,0.8252,0.9557,0.969,0.8213,0.833,124
VLM,gemma_3-12B-IT,feverous,latex,latex,0.9211,0.7364,0.9207,0.9313,0.7401,0.738,76
VLM,gemma_3-27B-IT,wikitq,html,html,0.9255,0.7672,0.9632,0.914,0.7796,0.7622,179
VLM,gemma_3-27B-IT,hybridqa,html,html,0.9857,0.8889,0.9886,0.9844,0.8907,0.8881,148
VLM,gemma_3-27B-IT,sqa,html,html,0.9915,0.9335,0.9887,0.9957,0.9317,0.9361,102
VLM,gemma_3-27B-IT,tabfact,html,html,0.9869,0.9042,0.988,0.987,0.9049,0.9044,124
VLM,gemma_3-27B-IT,feverous,html,html,0.9693,0.8493,0.9762,0.9638,0.8531,0.8464,76
VLM,gemma_3-27B-IT,wikitq,html,markdown,0.9374,0.7499,0.9653,0.9374,0.752,0.7533,179
VLM,gemma_3-27B-IT,hybridqa,html,markdown,0.963,0.8761,0.9574,0.9878,0.8739,0.8883,148
VLM,gemma_3-27B-IT,sqa,html,markdown,0.9907,0.9113,0.9854,0.9981,0.9086,0.915,102
VLM,gemma_3-27B-IT,tabfact,html,markdown,0.9839,0.8951,0.9792,0.99,0.892,0.8993,124
VLM,gemma_3-27B-IT,feverous,html,markdown,0.9857,0.8403,0.9849,0.9903,0.8403,0.842,76
VLM,gemma_3-27B-IT,wikitq,html,latex,0.8543,0.6919,0.9418,0.821,0.7338,0.6729,179
VLM,gemma_3-27B-IT,hybridqa,html,latex,0.9688,0.8723,0.9659,0.979,0.8676,0.8809,148
VLM,gemma_3-27B-IT,sqa,html,latex,0.9835,0.9217,0.9774,0.9922,0.9163,0.9292,102
VLM,gemma_3-27B-IT,tabfact,html,latex,0.9693,0.8762,0.9636,0.9797,0.8708,0.8849,124
VLM,gemma_3-27B-IT,feverous,html,latex,0.9636,0.8103,0.9579,0.9772,0.8054,0.8204,76
VLM,gemma_3-27B-IT,wikitq,markdown,html,0.9443,0.77,0.9803,0.9299,0.782,0.764,179
VLM,gemma_3-27B-IT,hybridqa,markdown,html,0.986,0.8668,0.9906,0.9841,0.8693,0.8649,148
VLM,gemma_3-27B-IT,sqa,markdown,html,0.9918,0.9086,0.9927,0.9921,0.9092,0.9088,102
VLM,gemma_3-27B-IT,tabfact,markdown,html,0.992,0.9203,0.9964,0.9883,0.9238,0.9173,124
VLM,gemma_3-27B-IT,feverous,markdown,html,0.9885,0.8349,0.9953,0.9827,0.8385,0.8318,76
VLM,gemma_3-27B-IT,wikitq,markdown,markdown,0.9459,0.7594,0.9678,0.948,0.7602,0.7627,179
VLM,gemma_3-27B-IT,hybridqa,markdown,markdown,0.9821,0.8672,0.9814,0.9884,0.8679,0.8676,148
VLM,gemma_3-27B-IT,sqa,markdown,markdown,0.9894,0.9276,0.9868,0.9939,0.9263,0.9302,102
VLM,gemma_3-27B-IT,tabfact,markdown,markdown,0.993,0.9073,0.9939,0.9926,0.9084,0.9066,124
VLM,gemma_3-27B-IT,feverous,markdown,markdown,0.9759,0.8282,0.9841,0.9806,0.8345,0.8271,76
VLM,gemma_3-27B-IT,wikitq,markdown,latex,0.8603,0.6848,0.9526,0.8215,0.7296,0.6629,179
VLM,gemma_3-27B-IT,hybridqa,markdown,latex,0.9765,0.8526,0.9821,0.9749,0.8552,0.852,148
VLM,gemma_3-27B-IT,sqa,markdown,latex,0.9793,0.887,0.9791,0.9824,0.8877,0.8883,102
VLM,gemma_3-27B-IT,tabfact,markdown,latex,0.987,0.8955,0.9887,0.9869,0.8974,0.8946,124
VLM,gemma_3-27B-IT,feverous,markdown,latex,0.9675,0.8065,0.9754,0.9628,0.8132,0.8016,76
VLM,gemma_3-27B-IT,wikitq,latex,html,0.9205,0.7183,0.9564,0.9154,0.7305,0.7162,179
VLM,gemma_3-27B-IT,hybridqa,latex,html,0.9822,0.8474,0.9902,0.9788,0.8488,0.8464,148
VLM,gemma_3-27B-IT,sqa,latex,html,0.9856,0.9057,0.9861,0.991,0.9069,0.905,102
VLM,gemma_3-27B-IT,tabfact,latex,html,0.9896,0.9131,0.9914,0.9892,0.9143,0.9131,124
VLM,gemma_3-27B-IT,feverous,latex,html,0.977,0.8114,0.9869,0.9695,0.8186,0.8058,76
VLM,gemma_3-27B-IT,wikitq,latex,markdown,0.909,0.7061,0.9232,0.927,0.7108,0.7121,179
VLM,gemma_3-27B-IT,hybridqa,latex,markdown,0.9726,0.837,0.9776,0.9787,0.8439,0.837,148
VLM,gemma_3-27B-IT,sqa,latex,markdown,0.9847,0.8871,0.9844,0.9924,0.8868,0.8882,102
VLM,gemma_3-27B-IT,tabfact,latex,markdown,0.9911,0.9102,0.989,0.994,0.9083,0.9129,124
VLM,gemma_3-27B-IT,feverous,latex,markdown,0.9762,0.8008,0.9892,0.9704,0.8063,0.7972,76
VLM,gemma_3-27B-IT,wikitq,latex,latex,0.8471,0.6983,0.9108,0.8202,0.7326,0.6807,179
VLM,gemma_3-27B-IT,hybridqa,latex,latex,0.9763,0.8374,0.9758,0.9801,0.8372,0.8394,148
VLM,gemma_3-27B-IT,sqa,latex,latex,0.9706,0.8928,0.9754,0.9764,0.8972,0.892,102
VLM,gemma_3-27B-IT,tabfact,latex,latex,0.9872,0.9052,0.9846,0.9917,0.9023,0.9096,124
VLM,gemma_3-27B-IT,feverous,latex,latex,0.9565,0.7897,0.964,0.9586,0.7985,0.7837,76
VLM,gpt-5.2,wikitq,html,html,0.9406,0.9124,0.9524,0.9405,0.9184,0.9124,168
VLM,gpt-5.2,hybridqa,html,html,0.9983,0.9901,0.997,1.0,0.9888,0.9917,148
VLM,gpt-5.2,sqa,html,html,1.0,0.9933,1.0,1.0,0.9933,0.9933,101
VLM,gpt-5.2,tabfact,html,html,0.9985,0.9953,0.9973,1.0,0.9941,0.9967,122
VLM,gpt-5.2,feverous,html,html,0.9795,0.9632,0.9894,0.9842,0.9601,0.968,76
VLM,gpt-5.2,wikitq,html,markdown,0.9431,0.8978,0.9743,0.9436,0.8973,0.8986,178
VLM,gpt-5.2,hybridqa,html,markdown,1.0,0.9653,1.0,1.0,0.9653,0.9653,148
VLM,gpt-5.2,sqa,html,markdown,1.0,0.9612,1.0,1.0,0.9612,0.9612,102
VLM,gpt-5.2,tabfact,html,markdown,0.9993,0.9805,0.9987,1.0,0.98,0.9812,124
VLM,gpt-5.2,feverous,html,markdown,0.9869,0.9268,1.0,0.9869,0.9268,0.9268,76
VLM,gpt-5.2,wikitq,html,latex,0.6659,0.6351,0.8352,0.656,0.7322,0.6253,176
VLM,gpt-5.2,hybridqa,html,latex,0.8886,0.8572,0.9402,0.8993,0.8671,0.8649,148
VLM,gpt-5.2,sqa,html,latex,0.8475,0.8287,0.903,0.8455,0.8539,0.8254,102
VLM,gpt-5.2,tabfact,html,latex,0.8602,0.8426,0.9308,0.8516,0.8678,0.8373,123
VLM,gpt-5.2,feverous,html,latex,0.8832,0.8192,0.9382,0.8786,0.8443,0.8138,76
VLM,gpt-5.2,wikitq,markdown,html,0.9463,0.9118,0.9581,0.9462,0.9148,0.9118,167
VLM,gpt-5.2,hybridqa,markdown,html,0.9992,0.9648,1.0,0.9986,0.9649,0.9648,148
VLM,gpt-5.2,sqa,markdown,html,1.0,0.9725,1.0,1.0,0.9725,0.9725,101
VLM,gpt-5.2,tabfact,markdown,html,1.0,0.9925,1.0,1.0,0.9925,0.9925,123
VLM,gpt-5.2,feverous,markdown,html,0.9857,0.9557,0.986,0.9856,0.9561,0.9554,76
VLM,gpt-5.2,wikitq,markdown,markdown,0.9762,0.9507,0.9869,0.977,0.9502,0.9516,175
VLM,gpt-5.2,hybridqa,markdown,markdown,0.9984,0.9681,0.9983,0.9989,0.9678,0.9685,148
VLM,gpt-5.2,sqa,markdown,markdown,1.0,0.9878,1.0,1.0,0.9878,0.9878,102
VLM,gpt-5.2,tabfact,markdown,markdown,1.0,0.9949,1.0,1.0,0.9949,0.9949,124
VLM,gpt-5.2,feverous,markdown,markdown,0.9865,0.9572,0.9991,0.9869,0.957,0.9576,76
VLM,gpt-5.2,wikitq,markdown,latex,0.8255,0.7776,0.9371,0.8049,0.8385,0.7591,177
VLM,gpt-5.2,hybridqa,markdown,latex,0.9927,0.9528,0.9932,0.9923,0.9529,0.9527,148
VLM,gpt-5.2,sqa,markdown,latex,1.0,0.9619,1.0,1.0,0.9619,0.9619,102
VLM,gpt-5.2,tabfact,markdown,latex,1.0,0.9875,1.0,1.0,0.9875,0.9875,124
VLM,gpt-5.2,feverous,markdown,latex,0.9857,0.9145,0.986,0.9856,0.9149,0.9143,76
VLM,gpt-5.2,wikitq,latex,html,0.9408,0.8832,0.9657,0.953,0.8776,0.8928,160
VLM,gpt-5.2,hybridqa,latex,html,0.9904,0.9414,0.9949,0.992,0.9442,0.9421,148
VLM,gpt-5.2,sqa,latex,html,0.9892,0.9716,0.997,0.9905,0.9704,0.9732,102
VLM,gpt-5.2,tabfact,latex,html,1.0,0.9964,1.0,1.0,0.9964,0.9964,122
VLM,gpt-5.2,feverous,latex,html,0.9829,0.9384,0.9827,0.9838,0.9381,0.9391,76
VLM,gpt-5.2,wikitq,latex,markdown,0.9471,0.8982,0.9795,0.9582,0.8937,0.9073,174
VLM,gpt-5.2,hybridqa,latex,markdown,0.9663,0.9292,0.9975,0.9634,0.9409,0.9289,148
VLM,gpt-5.2,sqa,latex,markdown,0.9907,0.9495,0.9989,0.9905,0.9501,0.9498,102
VLM,gpt-5.2,tabfact,latex,markdown,0.9993,0.9896,0.9986,1.0,0.989,0.9903,124
VLM,gpt-5.2,feverous,latex,markdown,0.9849,0.9403,0.9954,0.9858,0.9399,0.9412,76
VLM,gpt-5.2,wikitq,latex,latex,0.7981,0.7641,0.9235,0.7878,0.816,0.7546,174
VLM,gpt-5.2,hybridqa,latex,latex,0.9773,0.9245,0.9899,0.9768,0.9332,0.9246,148
VLM,gpt-5.2,sqa,latex,latex,0.9903,0.9745,0.9989,0.9905,0.9741,0.975,102
VLM,gpt-5.2,tabfact,latex,latex,0.9931,0.9781,0.9941,0.9937,0.979,0.9786,124
VLM,gpt-5.2,feverous,latex,latex,0.971,0.8766,0.9974,0.9704,0.8763,0.8774,76
VLM,llava_1.6-vicuna-13B,wikitq,html,html,0.5488,0.3545,0.8804,0.5089,0.4899,0.3344,179
VLM,llava_1.6-vicuna-13B,hybridqa,html,html,0.6787,0.4936,0.9789,0.6159,0.6886,0.4497,148
VLM,llava_1.6-vicuna-13B,sqa,html,html,0.6935,0.5185,0.9576,0.6568,0.6935,0.4926,102
VLM,llava_1.6-vicuna-13B,tabfact,html,html,0.7138,0.4883,0.9341,0.6849,0.629,0.4667,124
VLM,llava_1.6-vicuna-13B,feverous,html,html,0.765,0.5012,0.9022,0.7461,0.5573,0.4895,76
VLM,llava_1.6-vicuna-13B,wikitq,html,markdown,0.7269,0.4112,0.7621,0.799,0.4161,0.4322,179
VLM,llava_1.6-vicuna-13B,hybridqa,html,markdown,0.782,0.5418,0.8593,0.8299,0.5704,0.5436,148
VLM,llava_1.6-vicuna-13B,sqa,html,markdown,0.8661,0.6057,0.8958,0.9084,0.6076,0.6232,102
VLM,llava_1.6-vicuna-13B,tabfact,html,markdown,0.9071,0.5703,0.8965,0.9599,0.566,0.5872,124
VLM,llava_1.6-vicuna-13B,feverous,html,markdown,0.7893,0.4849,0.8158,0.8515,0.5046,0.487,76
VLM,llava_1.6-vicuna-13B,wikitq,html,latex,0.1443,0.0982,0.1412,0.1622,0.0917,0.1176,179
VLM,llava_1.6-vicuna-13B,hybridqa,html,latex,0.2547,0.1715,0.2409,0.2873,0.1602,0.1925,148
VLM,llava_1.6-vicuna-13B,sqa,html,latex,0.287,0.1925,0.2795,0.3061,0.1866,0.2056,102
VLM,llava_1.6-vicuna-13B,tabfact,html,latex,0.2456,0.1586,0.2252,0.2858,0.1437,0.1855,124
VLM,llava_1.6-vicuna-13B,feverous,html,latex,0.2661,0.1544,0.2344,0.3436,0.135,0.1981,76
VLM,llava_1.6-vicuna-13B,wikitq,markdown,html,0.4956,0.3418,0.8118,0.4552,0.4943,0.3186,179
VLM,llava_1.6-vicuna-13B,hybridqa,markdown,html,0.6325,0.465,0.8598,0.5805,0.608,0.4291,148
VLM,llava_1.6-vicuna-13B,sqa,markdown,html,0.6527,0.5097,0.8659,0.6197,0.6571,0.4852,102
VLM,llava_1.6-vicuna-13B,tabfact,markdown,html,0.7197,0.523,0.9342,0.6975,0.6778,0.502,124
VLM,llava_1.6-vicuna-13B,feverous,markdown,html,0.7064,0.4966,0.831,0.694,0.5534,0.49,76
VLM,llava_1.6-vicuna-13B,wikitq,markdown,markdown,0.727,0.4176,0.8133,0.7709,0.4225,0.4282,179
VLM,llava_1.6-vicuna-13B,hybridqa,markdown,markdown,0.6587,0.4851,0.8039,0.6994,0.5488,0.4894,148
VLM,llava_1.6-vicuna-13B,sqa,markdown,markdown,0.7994,0.6134,0.9176,0.8372,0.6379,0.623,102
VLM,llava_1.6-vicuna-13B,tabfact,markdown,markdown,0.8691,0.599,0.9052,0.9155,0.6055,0.6132,124
VLM,llava_1.6-vicuna-13B,feverous,markdown,markdown,0.7036,0.4686,0.8227,0.7471,0.5319,0.4729,76
VLM,llava_1.6-vicuna-13B,wikitq,markdown,latex,0.1599,0.1074,0.156,0.1866,0.1004,0.125,179
VLM,llava_1.6-vicuna-13B,hybridqa,markdown,latex,0.2255,0.1482,0.2203,0.2419,0.1449,0.1586,148
VLM,llava_1.6-vicuna-13B,sqa,markdown,latex,0.2437,0.1742,0.229,0.2824,0.1636,0.2016,102
VLM,llava_1.6-vicuna-13B,tabfact,markdown,latex,0.2597,0.1777,0.2372,0.3023,0.1606,0.2098,124
VLM,llava_1.6-vicuna-13B,feverous,markdown,latex,0.2672,0.1715,0.2398,0.3189,0.1551,0.1995,76
VLM,llava_1.6-vicuna-13B,wikitq,latex,html,0.532,0.3507,0.8492,0.5026,0.4895,0.3288,179
VLM,llava_1.6-vicuna-13B,hybridqa,latex,html,0.6654,0.4712,0.9063,0.6309,0.6495,0.4317,148
VLM,llava_1.6-vicuna-13B,sqa,latex,html,0.6929,0.5385,0.9384,0.6634,0.7049,0.5105,102
VLM,llava_1.6-vicuna-13B,tabfact,latex,html,0.7093,0.5034,0.9184,0.7032,0.6525,0.4902,124
VLM,llava_1.6-vicuna-13B,feverous,latex,html,0.7369,0.5028,0.853,0.7485,0.5669,0.4933,76
VLM,llava_1.6-vicuna-13B,wikitq,latex,markdown,0.7112,0.4058,0.7945,0.7544,0.4199,0.4138,179
VLM,llava_1.6-vicuna-13B,hybridqa,latex,markdown,0.7475,0.5264,0.809,0.8252,0.5414,0.5357,148
VLM,llava_1.6-vicuna-13B,sqa,latex,markdown,0.8332,0.6008,0.8664,0.9001,0.6088,0.6247,102
VLM,llava_1.6-vicuna-13B,tabfact,latex,markdown,0.8059,0.5253,0.7933,0.9321,0.511,0.5724,124
VLM,llava_1.6-vicuna-13B,feverous,latex,markdown,0.6941,0.4518,0.7664,0.7796,0.4894,0.4564,76
VLM,llava_1.6-vicuna-13B,wikitq,latex,latex,0.1884,0.1366,0.1727,0.2278,0.124,0.1659,179
VLM,llava_1.6-vicuna-13B,hybridqa,latex,latex,0.309,0.2054,0.2925,0.3535,0.1895,0.2396,148
VLM,llava_1.6-vicuna-13B,sqa,latex,latex,0.3266,0.2534,0.2997,0.3816,0.231,0.2963,102
VLM,llava_1.6-vicuna-13B,tabfact,latex,latex,0.2374,0.1814,0.2134,0.2956,0.1609,0.2257,124
VLM,llava_1.6-vicuna-13B,feverous,latex,latex,0.34,0.2246,0.3236,0.3814,0.2151,0.2503,76
VLM,llava_1.6-vicuna-7B,wikitq,html,html,0.6003,0.3324,0.8753,0.5633,0.4258,0.318,179
VLM,llava_1.6-vicuna-7B,hybridqa,html,html,0.7057,0.432,0.9189,0.6601,0.577,0.4008,148
VLM,llava_1.6-vicuna-7B,sqa,html,html,0.7295,0.4984,0.941,0.6876,0.6222,0.4717,102
VLM,llava_1.6-vicuna-7B,tabfact,html,html,0.7686,0.4812,0.9264,0.7449,0.5488,0.4706,124
VLM,llava_1.6-vicuna-7B,feverous,html,html,0.763,0.4772,0.8271,0.7639,0.4998,0.4785,76
VLM,llava_1.6-vicuna-7B,wikitq,html,markdown,0.6121,0.3299,0.6934,0.6911,0.3404,0.3628,179
VLM,llava_1.6-vicuna-7B,hybridqa,html,markdown,0.589,0.386,0.6399,0.6527,0.4082,0.4029,148
VLM,llava_1.6-vicuna-7B,sqa,html,markdown,0.7436,0.4902,0.792,0.8087,0.4996,0.5167,102
VLM,llava_1.6-vicuna-7B,tabfact,html,markdown,0.7273,0.4433,0.7286,0.8054,0.4446,0.4662,124
VLM,llava_1.6-vicuna-7B,feverous,html,markdown,0.6929,0.3975,0.7137,0.762,0.3914,0.4152,76
VLM,llava_1.6-vicuna-7B,wikitq,html,latex,0.0445,0.0211,0.0444,0.0495,0.021,0.0227,179
VLM,llava_1.6-vicuna-7B,hybridqa,html,latex,0.0204,0.0094,0.0159,0.0321,0.0069,0.0158,148
VLM,llava_1.6-vicuna-7B,sqa,html,latex,0.1093,0.055,0.0969,0.1338,0.0494,0.0659,102
VLM,llava_1.6-vicuna-7B,tabfact,html,latex,0.0466,0.0247,0.0404,0.0614,0.021,0.0336,124
VLM,llava_1.6-vicuna-7B,feverous,html,latex,0.0411,0.0116,0.0347,0.0594,0.0099,0.0172,76
VLM,llava_1.6-vicuna-7B,wikitq,markdown,html,0.595,0.3418,0.8611,0.5716,0.4446,0.3294,179
VLM,llava_1.6-vicuna-7B,hybridqa,markdown,html,0.7156,0.4583,0.8986,0.7043,0.5872,0.4408,148
VLM,llava_1.6-vicuna-7B,sqa,markdown,html,0.7704,0.538,0.9037,0.7594,0.6236,0.5258,102
VLM,llava_1.6-vicuna-7B,tabfact,markdown,html,0.7679,0.5395,0.9275,0.7377,0.6443,0.5205,124
VLM,llava_1.6-vicuna-7B,feverous,markdown,html,0.7084,0.4657,0.8018,0.7289,0.5028,0.4758,76
VLM,llava_1.6-vicuna-7B,wikitq,markdown,markdown,0.5782,0.3359,0.6678,0.6438,0.3451,0.3589,179
VLM,llava_1.6-vicuna-7B,hybridqa,markdown,markdown,0.4196,0.2867,0.4714,0.4763,0.2924,0.3022,148
VLM,llava_1.6-vicuna-7B,sqa,markdown,markdown,0.6383,0.4714,0.7468,0.6647,0.4964,0.478,102
VLM,llava_1.6-vicuna-7B,tabfact,markdown,markdown,0.4949,0.3288,0.4959,0.5555,0.3237,0.3548,124
VLM,llava_1.6-vicuna-7B,feverous,markdown,markdown,0.5926,0.3927,0.6504,0.6368,0.3891,0.4071,76
VLM,llava_1.6-vicuna-7B,wikitq,markdown,latex,0.0185,0.0056,0.017,0.022,0.0049,0.0072,179
VLM,llava_1.6-vicuna-7B,hybridqa,markdown,latex,0.0338,0.0101,0.0313,0.038,0.0091,0.0117,148
VLM,llava_1.6-vicuna-7B,sqa,markdown,latex,0.086,0.0458,0.079,0.1005,0.0416,0.0546,102
VLM,llava_1.6-vicuna-7B,tabfact,markdown,latex,0.0441,0.027,0.0413,0.0502,0.0252,0.0311,124
VLM,llava_1.6-vicuna-7B,feverous,markdown,latex,0.0742,0.0201,0.063,0.1015,0.0158,0.0314,76
VLM,llava_1.6-vicuna-7B,wikitq,latex,html,0.5863,0.3359,0.8041,0.5779,0.4019,0.3303,179
VLM,llava_1.6-vicuna-7B,hybridqa,latex,html,0.7443,0.461,0.8334,0.7644,0.5332,0.4494,148
VLM,llava_1.6-vicuna-7B,sqa,latex,html,0.7795,0.5388,0.894,0.7877,0.6228,0.5332,102
VLM,llava_1.6-vicuna-7B,tabfact,latex,html,0.7645,0.4683,0.8723,0.7637,0.5298,0.4616,124
VLM,llava_1.6-vicuna-7B,feverous,latex,html,0.7194,0.4613,0.8018,0.7479,0.4878,0.4633,76
VLM,llava_1.6-vicuna-7B,wikitq,latex,markdown,0.5871,0.3328,0.6969,0.6407,0.3478,0.3486,179
VLM,llava_1.6-vicuna-7B,hybridqa,latex,markdown,0.4732,0.311,0.5116,0.5633,0.3179,0.3367,148
VLM,llava_1.6-vicuna-7B,sqa,latex,markdown,0.642,0.4605,0.7193,0.7033,0.4759,0.4692,102
VLM,llava_1.6-vicuna-7B,tabfact,latex,markdown,0.6391,0.4032,0.6429,0.7401,0.4014,0.4388,124
VLM,llava_1.6-vicuna-7B,feverous,latex,markdown,0.6028,0.3851,0.6837,0.6674,0.3872,0.3915,76
VLM,llava_1.6-vicuna-7B,wikitq,latex,latex,0.0461,0.0225,0.0431,0.0541,0.0199,0.0289,179
VLM,llava_1.6-vicuna-7B,hybridqa,latex,latex,0.0268,0.0109,0.0244,0.0364,0.009,0.0172,148
VLM,llava_1.6-vicuna-7B,sqa,latex,latex,0.117,0.0738,0.1033,0.1531,0.0644,0.0988,102
VLM,llava_1.6-vicuna-7B,tabfact,latex,latex,0.0288,0.0158,0.0245,0.0386,0.0137,0.0208,124
VLM,llava_1.6-vicuna-7B,feverous,latex,latex,0.0662,0.0292,0.0562,0.093,0.0243,0.0426,76
VLM,ministral_3-14B-Instruct,wikitq,html,html,0.9516,0.875,0.9709,0.9451,0.8776,0.8749,179
VLM,ministral_3-14B-Instruct,hybridqa,html,html,0.9993,0.9774,0.9995,0.999,0.9776,0.9772,148
VLM,ministral_3-14B-Instruct,sqa,html,html,0.9978,0.9789,0.9968,0.9989,0.9781,0.9798,102
VLM,ministral_3-14B-Instruct,tabfact,html,html,0.9873,0.9588,0.9834,0.9938,0.9555,0.9644,124
VLM,ministral_3-14B-Instruct,feverous,html,html,0.9706,0.9397,0.9674,0.98,0.9344,0.9497,76
VLM,ministral_3-14B-Instruct,wikitq,html,markdown,0.9155,0.8415,0.9517,0.9225,0.8542,0.8424,179
VLM,ministral_3-14B-Instruct,hybridqa,html,markdown,0.9133,0.882,0.999,0.9039,0.9247,0.8773,148
VLM,ministral_3-14B-Instruct,sqa,html,markdown,0.9742,0.93,0.9956,0.9739,0.9396,0.9311,102
VLM,ministral_3-14B-Instruct,tabfact,html,markdown,0.996,0.9602,0.9966,0.9962,0.9608,0.9604,124
VLM,ministral_3-14B-Instruct,feverous,html,markdown,0.9661,0.9215,0.9905,0.9649,0.9319,0.9212,76
VLM,ministral_3-14B-Instruct,wikitq,html,latex,0.8526,0.8155,0.8941,0.8402,0.8464,0.8037,179
VLM,ministral_3-14B-Instruct,hybridqa,html,latex,0.9918,0.9669,0.9864,0.9995,0.9615,0.9746,148
VLM,ministral_3-14B-Instruct,sqa,html,latex,0.9943,0.9838,0.9901,0.9996,0.9797,0.9889,102
VLM,ministral_3-14B-Instruct,tabfact,html,latex,0.9906,0.9718,0.9835,0.9996,0.9647,0.9807,124
VLM,ministral_3-14B-Instruct,feverous,html,latex,0.9496,0.9097,0.9347,0.9821,0.8944,0.9358,76
VLM,ministral_3-14B-Instruct,wikitq,markdown,html,0.9485,0.8734,0.9716,0.9436,0.8789,0.8707,179
VLM,ministral_3-14B-Instruct,hybridqa,markdown,html,0.9847,0.9173,0.9865,0.9895,0.9182,0.9165,148
VLM,ministral_3-14B-Instruct,sqa,markdown,html,0.9912,0.9322,0.9888,0.9958,0.9317,0.933,102
VLM,ministral_3-14B-Instruct,tabfact,markdown,html,0.9881,0.9639,0.9853,0.994,0.9614,0.9692,124
VLM,ministral_3-14B-Instruct,feverous,markdown,html,0.9794,0.9125,0.9842,0.9778,0.917,0.91,76
VLM,ministral_3-14B-Instruct,wikitq,markdown,markdown,0.9259,0.8635,0.9723,0.9227,0.8792,0.8639,179
VLM,ministral_3-14B-Instruct,hybridqa,markdown,markdown,0.915,0.8704,0.9876,0.9044,0.9013,0.8656,148
VLM,ministral_3-14B-Instruct,sqa,markdown,markdown,0.9745,0.9365,0.9967,0.9695,0.9445,0.9342,102
VLM,ministral_3-14B-Instruct,tabfact,markdown,markdown,0.9984,0.9689,0.9986,0.9983,0.9689,0.969,124
VLM,ministral_3-14B-Instruct,feverous,markdown,markdown,0.9658,0.9207,0.9737,0.9768,0.9205,0.9246,76
VLM,ministral_3-14B-Instruct,wikitq,markdown,latex,0.8718,0.8168,0.9189,0.8479,0.8523,0.7978,179
VLM,ministral_3-14B-Instruct,hybridqa,markdown,latex,0.967,0.913,0.9683,0.9678,0.9133,0.9131,148
VLM,ministral_3-14B-Instruct,sqa,markdown,latex,0.9978,0.9412,0.9965,0.9996,0.9408,0.9417,102
VLM,ministral_3-14B-Instruct,tabfact,markdown,latex,0.9995,0.9795,0.9993,0.9998,0.9793,0.9798,124
VLM,ministral_3-14B-Instruct,feverous,markdown,latex,0.9682,0.9049,0.9665,0.9725,0.9052,0.9052,76
VLM,ministral_3-14B-Instruct,wikitq,latex,html,0.8923,0.7875,0.9114,0.9099,0.7887,0.7976,179
VLM,ministral_3-14B-Instruct,hybridqa,latex,html,0.9583,0.8443,0.9576,0.9726,0.8441,0.846,148
VLM,ministral_3-14B-Instruct,sqa,latex,html,0.9772,0.9202,0.979,0.9864,0.9229,0.9202,102
VLM,ministral_3-14B-Instruct,tabfact,latex,html,0.9883,0.9601,0.9866,0.9928,0.9602,0.961,124
VLM,ministral_3-14B-Instruct,feverous,latex,html,0.9552,0.8949,0.9569,0.9678,0.8975,0.8954,76
VLM,ministral_3-14B-Instruct,wikitq,latex,markdown,0.893,0.8137,0.9372,0.9098,0.8115,0.8289,179
VLM,ministral_3-14B-Instruct,hybridqa,latex,markdown,0.8824,0.8068,0.9695,0.8837,0.8311,0.8054,148
VLM,ministral_3-14B-Instruct,sqa,latex,markdown,0.9668,0.8986,0.9995,0.9634,0.8991,0.8982,102
VLM,ministral_3-14B-Instruct,tabfact,latex,markdown,0.9941,0.9584,0.9928,0.9982,0.9585,0.9586,124
VLM,ministral_3-14B-Instruct,feverous,latex,markdown,0.9336,0.8606,0.9818,0.9384,0.8652,0.8636,76
VLM,ministral_3-14B-Instruct,wikitq,latex,latex,0.8392,0.8031,0.8566,0.8392,0.8179,0.7985,179
VLM,ministral_3-14B-Instruct,hybridqa,latex,latex,0.9326,0.8397,0.9347,0.9532,0.8391,0.8436,148
VLM,ministral_3-14B-Instruct,sqa,latex,latex,0.9739,0.9309,0.9714,0.9781,0.9294,0.933,102
VLM,ministral_3-14B-Instruct,tabfact,latex,latex,0.9906,0.9729,0.9912,0.9901,0.9735,0.9724,124
VLM,ministral_3-14B-Instruct,feverous,latex,latex,0.9433,0.8827,0.9468,0.9447,0.8813,0.8852,76
VLM,table-llava-v1.5-7b-hf,wikitq,html,html,0.6823,0.2989,0.8214,0.6493,0.3688,0.272,179
VLM,table-llava-v1.5-7b-hf,hybridqa,html,html,0.7461,0.3159,0.7916,0.7783,0.3504,0.3109,148
VLM,table-llava-v1.5-7b-hf,sqa,html,html,0.7201,0.334,0.8439,0.7002,0.4093,0.3035,102
VLM,table-llava-v1.5-7b-hf,tabfact,html,html,0.7687,0.3856,0.9092,0.7061,0.4669,0.3422,124
VLM,table-llava-v1.5-7b-hf,feverous,html,html,0.7273,0.3327,0.8571,0.6795,0.4098,0.2965,76
VLM,table-llava-v1.5-7b-hf,wikitq,html,markdown,0.6581,0.2946,0.8059,0.649,0.3717,0.2661,179
VLM,table-llava-v1.5-7b-hf,hybridqa,html,markdown,0.7166,0.3073,0.7713,0.7812,0.3478,0.3004,148
VLM,table-llava-v1.5-7b-hf,sqa,html,markdown,0.7118,0.3379,0.8384,0.7148,0.4102,0.3098,102
VLM,table-llava-v1.5-7b-hf,tabfact,html,markdown,0.7648,0.3818,0.9086,0.708,0.471,0.3384,124
VLM,table-llava-v1.5-7b-hf,feverous,html,markdown,0.6861,0.3251,0.867,0.6408,0.4153,0.2915,76
VLM,table-llava-v1.5-7b-hf,wikitq,html,latex,0.5768,0.265,0.7279,0.5192,0.3343,0.2345,179
VLM,table-llava-v1.5-7b-hf,hybridqa,html,latex,0.6843,0.2945,0.7223,0.689,0.3165,0.2903,148
VLM,table-llava-v1.5-7b-hf,sqa,html,latex,0.7293,0.3373,0.8223,0.6918,0.3899,0.3096,102
VLM,table-llava-v1.5-7b-hf,tabfact,html,latex,0.7702,0.3668,0.8772,0.7146,0.4282,0.3326,124
VLM,table-llava-v1.5-7b-hf,feverous,html,latex,0.7057,0.3202,0.8331,0.6561,0.3965,0.2864,76
VLM,table-llava-v1.5-7b-hf,wikitq,markdown,html,0.6832,0.3795,0.8959,0.613,0.4749,0.3415,179
VLM,table-llava-v1.5-7b-hf,hybridqa,markdown,html,0.7431,0.4088,0.8706,0.7087,0.4647,0.3836,148
VLM,table-llava-v1.5-7b-hf,sqa,markdown,html,0.7389,0.4429,0.9185,0.6713,0.5324,0.4021,102
VLM,table-llava-v1.5-7b-hf,tabfact,markdown,html,0.7571,0.4824,0.9721,0.6546,0.6106,0.4195,124
VLM,table-llava-v1.5-7b-hf,feverous,markdown,html,0.7756,0.4522,0.9252,0.7191,0.5366,0.4158,76
VLM,table-llava-v1.5-7b-hf,wikitq,markdown,markdown,0.6854,0.3764,0.9006,0.6155,0.4681,0.3376,179
VLM,table-llava-v1.5-7b-hf,hybridqa,markdown,markdown,0.7263,0.4002,0.8954,0.6826,0.4627,0.3759,148
VLM,table-llava-v1.5-7b-hf,sqa,markdown,markdown,0.7462,0.4669,0.963,0.6629,0.5685,0.4206,102
VLM,table-llava-v1.5-7b-hf,tabfact,markdown,markdown,0.7452,0.4844,0.978,0.6342,0.6251,0.4148,124
VLM,table-llava-v1.5-7b-hf,feverous,markdown,markdown,0.7349,0.4548,0.9267,0.6666,0.5538,0.411,76
VLM,table-llava-v1.5-7b-hf,wikitq,markdown,latex,0.608,0.3637,0.8271,0.5324,0.4653,0.3237,179
VLM,table-llava-v1.5-7b-hf,hybridqa,markdown,latex,0.7136,0.3945,0.8543,0.654,0.4532,0.3667,148
VLM,table-llava-v1.5-7b-hf,sqa,markdown,latex,0.7298,0.4497,0.9067,0.6478,0.5396,0.4043,102
VLM,table-llava-v1.5-7b-hf,tabfact,markdown,latex,0.7453,0.4633,0.9455,0.6431,0.5755,0.4057,124
VLM,table-llava-v1.5-7b-hf,feverous,markdown,latex,0.7375,0.4317,0.8884,0.6738,0.5103,0.3988,76
VLM,table-llava-v1.5-7b-hf,wikitq,latex,html,0.5665,0.2785,0.8326,0.4858,0.4059,0.2283,179
VLM,table-llava-v1.5-7b-hf,hybridqa,latex,html,0.5723,0.2785,0.8287,0.5235,0.3859,0.2362,148
VLM,table-llava-v1.5-7b-hf,sqa,latex,html,0.5672,0.2944,0.9165,0.4679,0.4465,0.239,102
VLM,table-llava-v1.5-7b-hf,tabfact,latex,html,0.6044,0.3251,0.9438,0.4766,0.4975,0.2588,124
VLM,table-llava-v1.5-7b-hf,feverous,latex,html,0.5823,0.2569,0.8639,0.509,0.3808,0.2055,76
VLM,table-llava-v1.5-7b-hf,wikitq,latex,markdown,0.574,0.2773,0.8627,0.4983,0.4231,0.224,179
VLM,table-llava-v1.5-7b-hf,hybridqa,latex,markdown,0.5598,0.2828,0.88,0.4793,0.4084,0.2349,148
VLM,table-llava-v1.5-7b-hf,sqa,latex,markdown,0.5468,0.2883,0.9209,0.4438,0.4485,0.2317,102
VLM,table-llava-v1.5-7b-hf,tabfact,latex,markdown,0.5972,0.3344,0.9548,0.4733,0.5215,0.2644,124
VLM,table-llava-v1.5-7b-hf,feverous,latex,markdown,0.551,0.2574,0.9114,0.4586,0.3881,0.2107,76
VLM,table-llava-v1.5-7b-hf,wikitq,latex,latex,0.4816,0.2562,0.7435,0.3839,0.38,0.2043,179
VLM,table-llava-v1.5-7b-hf,hybridqa,latex,latex,0.5476,0.2772,0.8439,0.4464,0.3748,0.2309,148
VLM,table-llava-v1.5-7b-hf,sqa,latex,latex,0.5492,0.2838,0.8863,0.4366,0.4141,0.23,102
VLM,table-llava-v1.5-7b-hf,tabfact,latex,latex,0.6127,0.3284,0.9461,0.4853,0.493,0.2632,124
VLM,table-llava-v1.5-7b-hf,feverous,latex,latex,0.5413,0.2411,0.8646,0.4335,0.359,0.1915,76
